{"level":"INFO","message":"[3:44:30.990 AM]: Creating new connection object"}
{"level":"INFO","message":"[3:44:31.000 AM]: Creating Connection[id: 7a4615c9-004e-4520-a021-f132ed4cbb59] with host: A5725842678961-SOFTWAREONE_SANDBOX.snowflakecomputing.com, account: A5725842678961-SOFTWAREONE_SANDBOX, accessUrl: https://A5725842678961-SOFTWAREONE_SANDBOX.snowflakecomputing.com, user: AKMAL_T, role: sysadmin, database: HR_Automation, schema: PUBLIC, warehouse: MY_WH_RIDHO, proxy was not configured, password is not provided, region: undefined, authenticator: SNOWFLAKE_JWT, ocsp mode: FAIL_OPEN, os: win32, os version: 10."}
{"level":"INFO","message":"[3:44:31.001 AM]: Connection[id: 7a4615c9-004e-4520-a021-f132ed4cbb59] additional details: passcode in password is provided, passcode is not provided, private key is provided, application: undefined, client name: snowflake-sdk, client version: 2.2.0, retry timeout: 300, private key path: undefined, private key pass is not provided, client store temporary credential: false, browser response timeout: 120000"}
{"level":"INFO","message":"[3:44:31.002 AM]: Connection[id: 7a4615c9-004e-4520-a021-f132ed4cbb59] - connection object created successfully."}
{"level":"INFO","message":"[3:44:31.002 AM]: Connection[id: 7a4615c9-004e-4520-a021-f132ed4cbb59] - connecting. Associated Snowflake domain: GLOBAL"}
{"level":"INFO","message":"[3:44:31.008 AM]: Connection[id: 7a4615c9-004e-4520-a021-f132ed4cbb59] - authentication successful using: SNOWFLAKE_JWT"}
{"level":"INFO","message":"[3:44:31.009 AM]: Trying to initialize Easy Logging"}
{"level":"INFO","message":"[3:44:31.012 AM]: No client config detected."}
{"level":"INFO","message":"[3:44:31.012 AM]: No config file path found. Client config will not be used."}
{"level":"INFO","message":"[3:44:31.013 AM]: Easy Logging is disabled as no config has been found"}
{"level":"INFO","message":"[3:44:31.016 AM]: Connection[id: 7a4615c9-004e-4520-a021-f132ed4cbb59] - connected successfully after 13.240600000000995 milliseconds"}
{"level":"INFO","message":"[3:47:28.255 AM]: Creating new connection object"}
{"level":"INFO","message":"[3:47:28.257 AM]: Creating Connection[id: ca2f49a0-c029-4b05-be6d-a7abec1f2958] with host: A5725842678961-SOFTWAREONE_SANDBOX.snowflakecomputing.com, account: A5725842678961-SOFTWAREONE_SANDBOX, accessUrl: https://A5725842678961-SOFTWAREONE_SANDBOX.snowflakecomputing.com, user: AKMAL_T, role: sysadmin, database: HR_Automation, schema: PUBLIC, warehouse: MY_WH_RIDHO, proxy was not configured, password is not provided, region: undefined, authenticator: SNOWFLAKE_JWT, ocsp mode: FAIL_OPEN, os: win32, os version: 10."}
{"level":"INFO","message":"[3:47:28.257 AM]: Connection[id: ca2f49a0-c029-4b05-be6d-a7abec1f2958] additional details: passcode in password is provided, passcode is not provided, private key is provided, application: undefined, client name: snowflake-sdk, client version: 2.2.0, retry timeout: 300, private key path: undefined, private key pass is not provided, client store temporary credential: false, browser response timeout: 120000"}
{"level":"INFO","message":"[3:47:28.258 AM]: Connection[id: ca2f49a0-c029-4b05-be6d-a7abec1f2958] - connection object created successfully."}
{"level":"INFO","message":"[3:47:28.258 AM]: Connection[id: ca2f49a0-c029-4b05-be6d-a7abec1f2958] - connecting. Associated Snowflake domain: GLOBAL"}
{"level":"INFO","message":"[3:47:28.261 AM]: Connection[id: ca2f49a0-c029-4b05-be6d-a7abec1f2958] - authentication successful using: SNOWFLAKE_JWT"}
{"level":"INFO","message":"[3:47:28.262 AM]: Connection[id: ca2f49a0-c029-4b05-be6d-a7abec1f2958] - connected successfully after 3.7890000000188593 milliseconds"}
{"level":"INFO","message":"[10:17:42.947 AM]: Creating new connection object"}
{"level":"INFO","message":"[10:17:42.959 AM]: Creating Connection[id: 02c1181b-5b94-42ab-807f-1638d7eef74c] with host: A5725842678961-SOFTWAREONE_SANDBOX.snowflakecomputing.com, account: A5725842678961-SOFTWAREONE_SANDBOX, accessUrl: https://A5725842678961-SOFTWAREONE_SANDBOX.snowflakecomputing.com, user: AKMAL_T, role: sysadmin, database: HR_Automation, schema: PUBLIC, warehouse: MY_WH_RIDHO, proxy was not configured, password is not provided, region: undefined, authenticator: SNOWFLAKE_JWT, ocsp mode: FAIL_OPEN, os: win32, os version: 10."}
{"level":"INFO","message":"[10:17:42.960 AM]: Connection[id: 02c1181b-5b94-42ab-807f-1638d7eef74c] additional details: passcode in password is provided, passcode is not provided, private key is provided, application: undefined, client name: snowflake-sdk, client version: 2.2.0, retry timeout: 300, private key path: undefined, private key pass is not provided, client store temporary credential: false, browser response timeout: 120000"}
{"level":"INFO","message":"[10:17:42.961 AM]: Connection[id: 02c1181b-5b94-42ab-807f-1638d7eef74c] - connection object created successfully."}
{"level":"INFO","message":"[10:17:42.961 AM]: Connection[id: 02c1181b-5b94-42ab-807f-1638d7eef74c] - connecting. Associated Snowflake domain: GLOBAL"}
{"level":"INFO","message":"[10:17:42.966 AM]: Connection[id: 02c1181b-5b94-42ab-807f-1638d7eef74c] - authentication successful using: SNOWFLAKE_JWT"}
{"level":"INFO","message":"[10:17:42.967 AM]: Trying to initialize Easy Logging"}
{"level":"INFO","message":"[10:17:42.972 AM]: No client config detected."}
{"level":"INFO","message":"[10:17:42.974 AM]: No config file path found. Client config will not be used."}
{"level":"INFO","message":"[10:17:42.975 AM]: Easy Logging is disabled as no config has been found"}
{"level":"INFO","message":"[10:17:42.983 AM]: Connection[id: 02c1181b-5b94-42ab-807f-1638d7eef74c] - connected successfully after 21.347100000000864 milliseconds"}
{"level":"INFO","message":"[10:17:49.034 AM]: Creating new connection object"}
{"level":"INFO","message":"[10:17:49.036 AM]: Creating Connection[id: b989c5b7-c451-474a-a66e-95c22f6342fb] with host: A5725842678961-SOFTWAREONE_SANDBOX.snowflakecomputing.com, account: A5725842678961-SOFTWAREONE_SANDBOX, accessUrl: https://A5725842678961-SOFTWAREONE_SANDBOX.snowflakecomputing.com, user: AKMAL_T, role: sysadmin, database: HR_Automation, schema: PUBLIC, warehouse: MY_WH_RIDHO, proxy was not configured, password is not provided, region: undefined, authenticator: SNOWFLAKE_JWT, ocsp mode: FAIL_OPEN, os: win32, os version: 10."}
{"level":"INFO","message":"[10:17:49.037 AM]: Connection[id: b989c5b7-c451-474a-a66e-95c22f6342fb] additional details: passcode in password is provided, passcode is not provided, private key is provided, application: undefined, client name: snowflake-sdk, client version: 2.2.0, retry timeout: 300, private key path: undefined, private key pass is not provided, client store temporary credential: false, browser response timeout: 120000"}
{"level":"INFO","message":"[10:17:49.038 AM]: Connection[id: b989c5b7-c451-474a-a66e-95c22f6342fb] - connection object created successfully."}
{"level":"INFO","message":"[10:17:49.038 AM]: Connection[id: b989c5b7-c451-474a-a66e-95c22f6342fb] - connecting. Associated Snowflake domain: GLOBAL"}
{"level":"INFO","message":"[10:17:49.042 AM]: Connection[id: b989c5b7-c451-474a-a66e-95c22f6342fb] - authentication successful using: SNOWFLAKE_JWT"}
{"level":"INFO","message":"[10:17:49.044 AM]: Connection[id: b989c5b7-c451-474a-a66e-95c22f6342fb] - connected successfully after 5.896300000000338 milliseconds"}
{"level":"INFO","message":"[10:17:49.073 AM]: Creating new connection object"}
{"level":"INFO","message":"[10:17:49.074 AM]: Creating Connection[id: 9da4d350-5dd3-4ce8-a05c-fc9aa7caac22] with host: A5725842678961-SOFTWAREONE_SANDBOX.snowflakecomputing.com, account: A5725842678961-SOFTWAREONE_SANDBOX, accessUrl: https://A5725842678961-SOFTWAREONE_SANDBOX.snowflakecomputing.com, user: AKMAL_T, role: sysadmin, database: HR_Automation, schema: PUBLIC, warehouse: MY_WH_RIDHO, proxy was not configured, password is not provided, region: undefined, authenticator: SNOWFLAKE_JWT, ocsp mode: FAIL_OPEN, os: win32, os version: 10."}
{"level":"INFO","message":"[10:17:49.074 AM]: Connection[id: 9da4d350-5dd3-4ce8-a05c-fc9aa7caac22] additional details: passcode in password is provided, passcode is not provided, private key is provided, application: undefined, client name: snowflake-sdk, client version: 2.2.0, retry timeout: 300, private key path: undefined, private key pass is not provided, client store temporary credential: false, browser response timeout: 120000"}
{"level":"INFO","message":"[10:17:49.074 AM]: Connection[id: 9da4d350-5dd3-4ce8-a05c-fc9aa7caac22] - connection object created successfully."}
{"level":"INFO","message":"[10:17:49.075 AM]: Connection[id: 9da4d350-5dd3-4ce8-a05c-fc9aa7caac22] - connecting. Associated Snowflake domain: GLOBAL"}
{"level":"INFO","message":"[10:17:49.080 AM]: Connection[id: 9da4d350-5dd3-4ce8-a05c-fc9aa7caac22] - authentication successful using: SNOWFLAKE_JWT"}
{"level":"INFO","message":"[10:17:49.082 AM]: Connection[id: 9da4d350-5dd3-4ce8-a05c-fc9aa7caac22] - connected successfully after 6.6296000000002095 milliseconds"}
{"level":"INFO","message":"[10:17:49.592 AM]: Creating new connection object"}
{"level":"INFO","message":"[10:17:49.594 AM]: Creating Connection[id: 1b9da55a-2804-4694-8329-d518159cacf8] with host: A5725842678961-SOFTWAREONE_SANDBOX.snowflakecomputing.com, account: A5725842678961-SOFTWAREONE_SANDBOX, accessUrl: https://A5725842678961-SOFTWAREONE_SANDBOX.snowflakecomputing.com, user: AKMAL_T, role: sysadmin, database: HR_Automation, schema: PUBLIC, warehouse: MY_WH_RIDHO, proxy was not configured, password is not provided, region: undefined, authenticator: SNOWFLAKE_JWT, ocsp mode: FAIL_OPEN, os: win32, os version: 10."}
{"level":"INFO","message":"[10:17:49.595 AM]: Connection[id: 1b9da55a-2804-4694-8329-d518159cacf8] additional details: passcode in password is provided, passcode is not provided, private key is provided, application: undefined, client name: snowflake-sdk, client version: 2.2.0, retry timeout: 300, private key path: undefined, private key pass is not provided, client store temporary credential: false, browser response timeout: 120000"}
{"level":"INFO","message":"[10:17:49.595 AM]: Connection[id: 1b9da55a-2804-4694-8329-d518159cacf8] - connection object created successfully."}
{"level":"INFO","message":"[10:17:49.596 AM]: Connection[id: 1b9da55a-2804-4694-8329-d518159cacf8] - connecting. Associated Snowflake domain: GLOBAL"}
{"level":"INFO","message":"[10:17:49.599 AM]: Connection[id: 1b9da55a-2804-4694-8329-d518159cacf8] - authentication successful using: SNOWFLAKE_JWT"}
{"level":"INFO","message":"[10:17:49.601 AM]: Connection[id: 1b9da55a-2804-4694-8329-d518159cacf8] - connected successfully after 5.179899999999179 milliseconds"}
{"level":"INFO","message":"[10:17:50.281 AM]: Creating new connection object"}
{"level":"INFO","message":"[10:17:50.283 AM]: Creating Connection[id: e83b4a26-c1bf-4335-9b39-bfd744459780] with host: A5725842678961-SOFTWAREONE_SANDBOX.snowflakecomputing.com, account: A5725842678961-SOFTWAREONE_SANDBOX, accessUrl: https://A5725842678961-SOFTWAREONE_SANDBOX.snowflakecomputing.com, user: AKMAL_T, role: sysadmin, database: HR_Automation, schema: PUBLIC, warehouse: MY_WH_RIDHO, proxy was not configured, password is not provided, region: undefined, authenticator: SNOWFLAKE_JWT, ocsp mode: FAIL_OPEN, os: win32, os version: 10."}
{"level":"INFO","message":"[10:17:50.283 AM]: Connection[id: e83b4a26-c1bf-4335-9b39-bfd744459780] additional details: passcode in password is provided, passcode is not provided, private key is provided, application: undefined, client name: snowflake-sdk, client version: 2.2.0, retry timeout: 300, private key path: undefined, private key pass is not provided, client store temporary credential: false, browser response timeout: 120000"}
{"level":"INFO","message":"[10:17:50.283 AM]: Connection[id: e83b4a26-c1bf-4335-9b39-bfd744459780] - connection object created successfully."}
{"level":"INFO","message":"[10:17:50.284 AM]: Connection[id: e83b4a26-c1bf-4335-9b39-bfd744459780] - connecting. Associated Snowflake domain: GLOBAL"}
{"level":"INFO","message":"[10:17:50.286 AM]: Connection[id: e83b4a26-c1bf-4335-9b39-bfd744459780] - authentication successful using: SNOWFLAKE_JWT"}
{"level":"INFO","message":"[10:17:50.288 AM]: Connection[id: e83b4a26-c1bf-4335-9b39-bfd744459780] - connected successfully after 4.747699999999895 milliseconds"}
{"level":"INFO","message":"[10:17:50.835 AM]: Creating new connection object"}
{"level":"INFO","message":"[10:17:50.836 AM]: Creating Connection[id: 26c786f9-80b2-48d7-a9f9-ec4b0aa324d3] with host: A5725842678961-SOFTWAREONE_SANDBOX.snowflakecomputing.com, account: A5725842678961-SOFTWAREONE_SANDBOX, accessUrl: https://A5725842678961-SOFTWAREONE_SANDBOX.snowflakecomputing.com, user: AKMAL_T, role: sysadmin, database: HR_Automation, schema: PUBLIC, warehouse: MY_WH_RIDHO, proxy was not configured, password is not provided, region: undefined, authenticator: SNOWFLAKE_JWT, ocsp mode: FAIL_OPEN, os: win32, os version: 10."}
{"level":"INFO","message":"[10:17:50.837 AM]: Connection[id: 26c786f9-80b2-48d7-a9f9-ec4b0aa324d3] additional details: passcode in password is provided, passcode is not provided, private key is provided, application: undefined, client name: snowflake-sdk, client version: 2.2.0, retry timeout: 300, private key path: undefined, private key pass is not provided, client store temporary credential: false, browser response timeout: 120000"}
{"level":"INFO","message":"[10:17:50.837 AM]: Connection[id: 26c786f9-80b2-48d7-a9f9-ec4b0aa324d3] - connection object created successfully."}
{"level":"INFO","message":"[10:17:50.837 AM]: Connection[id: 26c786f9-80b2-48d7-a9f9-ec4b0aa324d3] - connecting. Associated Snowflake domain: GLOBAL"}
{"level":"INFO","message":"[10:17:50.840 AM]: Connection[id: 26c786f9-80b2-48d7-a9f9-ec4b0aa324d3] - authentication successful using: SNOWFLAKE_JWT"}
{"level":"INFO","message":"[10:17:50.841 AM]: Connection[id: 26c786f9-80b2-48d7-a9f9-ec4b0aa324d3] - connected successfully after 4.130099999998492 milliseconds"}
{"level":"INFO","message":"[10:17:53.112 AM]: Creating new connection object"}
{"level":"INFO","message":"[10:17:53.113 AM]: Creating Connection[id: fbb40a3e-f9ab-459b-9f5c-95eb574a40af] with host: A5725842678961-SOFTWAREONE_SANDBOX.snowflakecomputing.com, account: A5725842678961-SOFTWAREONE_SANDBOX, accessUrl: https://A5725842678961-SOFTWAREONE_SANDBOX.snowflakecomputing.com, user: AKMAL_T, role: sysadmin, database: HR_Automation, schema: PUBLIC, warehouse: MY_WH_RIDHO, proxy was not configured, password is not provided, region: undefined, authenticator: SNOWFLAKE_JWT, ocsp mode: FAIL_OPEN, os: win32, os version: 10."}
{"level":"INFO","message":"[10:17:53.113 AM]: Connection[id: fbb40a3e-f9ab-459b-9f5c-95eb574a40af] additional details: passcode in password is provided, passcode is not provided, private key is provided, application: undefined, client name: snowflake-sdk, client version: 2.2.0, retry timeout: 300, private key path: undefined, private key pass is not provided, client store temporary credential: false, browser response timeout: 120000"}
{"level":"INFO","message":"[10:17:53.114 AM]: Connection[id: fbb40a3e-f9ab-459b-9f5c-95eb574a40af] - connection object created successfully."}
{"level":"INFO","message":"[10:17:53.114 AM]: Connection[id: fbb40a3e-f9ab-459b-9f5c-95eb574a40af] - connecting. Associated Snowflake domain: GLOBAL"}
{"level":"INFO","message":"[10:17:53.118 AM]: Connection[id: fbb40a3e-f9ab-459b-9f5c-95eb574a40af] - authentication successful using: SNOWFLAKE_JWT"}
{"level":"INFO","message":"[10:17:53.120 AM]: Connection[id: fbb40a3e-f9ab-459b-9f5c-95eb574a40af] - connected successfully after 6.259399999999005 milliseconds"}
{"level":"INFO","message":"[10:17:53.127 AM]: Creating new connection object"}
{"level":"INFO","message":"[10:17:53.128 AM]: Creating Connection[id: 9861180a-80a2-42b8-bf0f-2df6e681ef9e] with host: A5725842678961-SOFTWAREONE_SANDBOX.snowflakecomputing.com, account: A5725842678961-SOFTWAREONE_SANDBOX, accessUrl: https://A5725842678961-SOFTWAREONE_SANDBOX.snowflakecomputing.com, user: AKMAL_T, role: sysadmin, database: HR_Automation, schema: PUBLIC, warehouse: MY_WH_RIDHO, proxy was not configured, password is not provided, region: undefined, authenticator: SNOWFLAKE_JWT, ocsp mode: FAIL_OPEN, os: win32, os version: 10."}
{"level":"INFO","message":"[10:17:53.128 AM]: Connection[id: 9861180a-80a2-42b8-bf0f-2df6e681ef9e] additional details: passcode in password is provided, passcode is not provided, private key is provided, application: undefined, client name: snowflake-sdk, client version: 2.2.0, retry timeout: 300, private key path: undefined, private key pass is not provided, client store temporary credential: false, browser response timeout: 120000"}
{"level":"INFO","message":"[10:17:53.128 AM]: Connection[id: 9861180a-80a2-42b8-bf0f-2df6e681ef9e] - connection object created successfully."}
{"level":"INFO","message":"[10:17:53.129 AM]: Connection[id: 9861180a-80a2-42b8-bf0f-2df6e681ef9e] - connecting. Associated Snowflake domain: GLOBAL"}
{"level":"INFO","message":"[10:17:53.133 AM]: Connection[id: 9861180a-80a2-42b8-bf0f-2df6e681ef9e] - authentication successful using: SNOWFLAKE_JWT"}
{"level":"INFO","message":"[10:17:53.135 AM]: Connection[id: 9861180a-80a2-42b8-bf0f-2df6e681ef9e] - connected successfully after 5.774099999998725 milliseconds"}
{"level":"INFO","message":"[10:17:53.652 AM]: Creating new connection object"}
{"level":"INFO","message":"[10:17:53.654 AM]: Creating Connection[id: e2902d79-ad83-491c-8353-a4e76b3ce755] with host: A5725842678961-SOFTWAREONE_SANDBOX.snowflakecomputing.com, account: A5725842678961-SOFTWAREONE_SANDBOX, accessUrl: https://A5725842678961-SOFTWAREONE_SANDBOX.snowflakecomputing.com, user: AKMAL_T, role: sysadmin, database: HR_Automation, schema: PUBLIC, warehouse: MY_WH_RIDHO, proxy was not configured, password is not provided, region: undefined, authenticator: SNOWFLAKE_JWT, ocsp mode: FAIL_OPEN, os: win32, os version: 10."}
{"level":"INFO","message":"[10:17:53.654 AM]: Connection[id: e2902d79-ad83-491c-8353-a4e76b3ce755] additional details: passcode in password is provided, passcode is not provided, private key is provided, application: undefined, client name: snowflake-sdk, client version: 2.2.0, retry timeout: 300, private key path: undefined, private key pass is not provided, client store temporary credential: false, browser response timeout: 120000"}
{"level":"INFO","message":"[10:17:53.654 AM]: Connection[id: e2902d79-ad83-491c-8353-a4e76b3ce755] - connection object created successfully."}
{"level":"INFO","message":"[10:17:53.655 AM]: Connection[id: e2902d79-ad83-491c-8353-a4e76b3ce755] - connecting. Associated Snowflake domain: GLOBAL"}
{"level":"INFO","message":"[10:17:53.658 AM]: Connection[id: e2902d79-ad83-491c-8353-a4e76b3ce755] - authentication successful using: SNOWFLAKE_JWT"}
{"level":"INFO","message":"[10:17:53.659 AM]: Connection[id: e2902d79-ad83-491c-8353-a4e76b3ce755] - connected successfully after 3.915999999997439 milliseconds"}
{"level":"INFO","message":"[10:17:53.713 AM]: Creating new connection object"}
{"level":"INFO","message":"[10:17:53.714 AM]: Creating Connection[id: 864f40f3-d748-4e53-b4c4-a3b6536015dc] with host: A5725842678961-SOFTWAREONE_SANDBOX.snowflakecomputing.com, account: A5725842678961-SOFTWAREONE_SANDBOX, accessUrl: https://A5725842678961-SOFTWAREONE_SANDBOX.snowflakecomputing.com, user: AKMAL_T, role: sysadmin, database: HR_Automation, schema: PUBLIC, warehouse: MY_WH_RIDHO, proxy was not configured, password is not provided, region: undefined, authenticator: SNOWFLAKE_JWT, ocsp mode: FAIL_OPEN, os: win32, os version: 10."}
{"level":"INFO","message":"[10:17:53.714 AM]: Connection[id: 864f40f3-d748-4e53-b4c4-a3b6536015dc] additional details: passcode in password is provided, passcode is not provided, private key is provided, application: undefined, client name: snowflake-sdk, client version: 2.2.0, retry timeout: 300, private key path: undefined, private key pass is not provided, client store temporary credential: false, browser response timeout: 120000"}
{"level":"INFO","message":"[10:17:53.714 AM]: Connection[id: 864f40f3-d748-4e53-b4c4-a3b6536015dc] - connection object created successfully."}
{"level":"INFO","message":"[10:17:53.715 AM]: Connection[id: 864f40f3-d748-4e53-b4c4-a3b6536015dc] - connecting. Associated Snowflake domain: GLOBAL"}
{"level":"INFO","message":"[10:17:53.717 AM]: Connection[id: 864f40f3-d748-4e53-b4c4-a3b6536015dc] - authentication successful using: SNOWFLAKE_JWT"}
{"level":"INFO","message":"[10:17:53.718 AM]: Connection[id: 864f40f3-d748-4e53-b4c4-a3b6536015dc] - connected successfully after 3.6418999999987136 milliseconds"}
{"level":"INFO","message":"[10:22:34.550 AM]: Creating new connection object"}
{"level":"INFO","message":"[10:22:34.551 AM]: Creating Connection[id: 7d0330fd-a6b4-4433-9e95-fdf544305152] with host: A5725842678961-SOFTWAREONE_SANDBOX.snowflakecomputing.com, account: A5725842678961-SOFTWAREONE_SANDBOX, accessUrl: https://A5725842678961-SOFTWAREONE_SANDBOX.snowflakecomputing.com, user: AKMAL_T, role: sysadmin, database: HR_Automation, schema: PUBLIC, warehouse: MY_WH_RIDHO, proxy was not configured, password is not provided, region: undefined, authenticator: SNOWFLAKE_JWT, ocsp mode: FAIL_OPEN, os: win32, os version: 10."}
{"level":"INFO","message":"[10:22:34.552 AM]: Connection[id: 7d0330fd-a6b4-4433-9e95-fdf544305152] additional details: passcode in password is provided, passcode is not provided, private key is provided, application: undefined, client name: snowflake-sdk, client version: 2.2.0, retry timeout: 300, private key path: undefined, private key pass is not provided, client store temporary credential: false, browser response timeout: 120000"}
{"level":"INFO","message":"[10:22:34.552 AM]: Connection[id: 7d0330fd-a6b4-4433-9e95-fdf544305152] - connection object created successfully."}
{"level":"INFO","message":"[10:22:34.552 AM]: Connection[id: 7d0330fd-a6b4-4433-9e95-fdf544305152] - connecting. Associated Snowflake domain: GLOBAL"}
{"level":"INFO","message":"[10:22:34.557 AM]: Connection[id: 7d0330fd-a6b4-4433-9e95-fdf544305152] - authentication successful using: SNOWFLAKE_JWT"}
{"level":"INFO","message":"[10:22:34.558 AM]: Connection[id: 7d0330fd-a6b4-4433-9e95-fdf544305152] - connected successfully after 5.93670000002021 milliseconds"}
{"level":"INFO","message":"[10:22:34.565 AM]: Creating new connection object"}
{"level":"INFO","message":"[10:22:34.566 AM]: Creating Connection[id: d4642ea0-644a-4235-9dc3-af08908713fc] with host: A5725842678961-SOFTWAREONE_SANDBOX.snowflakecomputing.com, account: A5725842678961-SOFTWAREONE_SANDBOX, accessUrl: https://A5725842678961-SOFTWAREONE_SANDBOX.snowflakecomputing.com, user: AKMAL_T, role: sysadmin, database: HR_Automation, schema: PUBLIC, warehouse: MY_WH_RIDHO, proxy was not configured, password is not provided, region: undefined, authenticator: SNOWFLAKE_JWT, ocsp mode: FAIL_OPEN, os: win32, os version: 10."}
{"level":"INFO","message":"[10:22:34.566 AM]: Connection[id: d4642ea0-644a-4235-9dc3-af08908713fc] additional details: passcode in password is provided, passcode is not provided, private key is provided, application: undefined, client name: snowflake-sdk, client version: 2.2.0, retry timeout: 300, private key path: undefined, private key pass is not provided, client store temporary credential: false, browser response timeout: 120000"}
{"level":"INFO","message":"[10:22:34.566 AM]: Connection[id: d4642ea0-644a-4235-9dc3-af08908713fc] - connection object created successfully."}
{"level":"INFO","message":"[10:22:34.567 AM]: Connection[id: d4642ea0-644a-4235-9dc3-af08908713fc] - connecting. Associated Snowflake domain: GLOBAL"}
{"level":"INFO","message":"[10:22:34.569 AM]: Connection[id: d4642ea0-644a-4235-9dc3-af08908713fc] - authentication successful using: SNOWFLAKE_JWT"}
{"level":"INFO","message":"[10:22:34.570 AM]: Connection[id: d4642ea0-644a-4235-9dc3-af08908713fc] - connected successfully after 2.8888000000151806 milliseconds"}
{"level":"INFO","message":"[10:35:08.803 AM]: Creating new connection object"}
{"level":"INFO","message":"[10:35:08.815 AM]: Creating Connection[id: c3217fa5-d0e5-469e-99fb-0573753d6057] with host: A5725842678961-SOFTWAREONE_SANDBOX.snowflakecomputing.com, account: A5725842678961-SOFTWAREONE_SANDBOX, accessUrl: https://A5725842678961-SOFTWAREONE_SANDBOX.snowflakecomputing.com, user: AKMAL_T, role: sysadmin, database: HR_Automation, schema: PUBLIC, warehouse: MY_WH_RIDHO, proxy was not configured, password is not provided, region: undefined, authenticator: SNOWFLAKE_JWT, ocsp mode: FAIL_OPEN, os: win32, os version: 10."}
{"level":"INFO","message":"[10:35:08.816 AM]: Connection[id: c3217fa5-d0e5-469e-99fb-0573753d6057] additional details: passcode in password is provided, passcode is not provided, private key is provided, application: undefined, client name: snowflake-sdk, client version: 2.2.0, retry timeout: 300, private key path: undefined, private key pass is not provided, client store temporary credential: false, browser response timeout: 120000"}
{"level":"INFO","message":"[10:35:08.817 AM]: Connection[id: c3217fa5-d0e5-469e-99fb-0573753d6057] - connection object created successfully."}
{"level":"INFO","message":"[10:35:08.818 AM]: Connection[id: c3217fa5-d0e5-469e-99fb-0573753d6057] - connecting. Associated Snowflake domain: GLOBAL"}
{"level":"INFO","message":"[10:35:08.823 AM]: Connection[id: c3217fa5-d0e5-469e-99fb-0573753d6057] - authentication successful using: SNOWFLAKE_JWT"}
{"level":"INFO","message":"[10:35:08.824 AM]: Trying to initialize Easy Logging"}
{"level":"INFO","message":"[10:35:08.879 AM]: Creating new connection object"}
{"level":"INFO","message":"[10:35:08.880 AM]: Creating Connection[id: 9f10335e-4709-422c-bd3a-ea193757dbbc] with host: A5725842678961-SOFTWAREONE_SANDBOX.snowflakecomputing.com, account: A5725842678961-SOFTWAREONE_SANDBOX, accessUrl: https://A5725842678961-SOFTWAREONE_SANDBOX.snowflakecomputing.com, user: AKMAL_T, role: sysadmin, database: HR_Automation, schema: PUBLIC, warehouse: MY_WH_RIDHO, proxy was not configured, password is not provided, region: undefined, authenticator: SNOWFLAKE_JWT, ocsp mode: FAIL_OPEN, os: win32, os version: 10."}
{"level":"INFO","message":"[10:35:08.881 AM]: Connection[id: 9f10335e-4709-422c-bd3a-ea193757dbbc] additional details: passcode in password is provided, passcode is not provided, private key is provided, application: undefined, client name: snowflake-sdk, client version: 2.2.0, retry timeout: 300, private key path: undefined, private key pass is not provided, client store temporary credential: false, browser response timeout: 120000"}
{"level":"INFO","message":"[10:35:08.882 AM]: Connection[id: 9f10335e-4709-422c-bd3a-ea193757dbbc] - connection object created successfully."}
{"level":"INFO","message":"[10:35:08.882 AM]: Connection[id: 9f10335e-4709-422c-bd3a-ea193757dbbc] - connecting. Associated Snowflake domain: GLOBAL"}
{"level":"INFO","message":"[10:35:08.888 AM]: Connection[id: 9f10335e-4709-422c-bd3a-ea193757dbbc] - authentication successful using: SNOWFLAKE_JWT"}
{"level":"INFO","message":"[10:35:08.888 AM]: Trying to initialize Easy Logging"}
{"level":"INFO","message":"[10:35:08.891 AM]: No client config detected."}
{"level":"INFO","message":"[10:35:08.891 AM]: No config file path found. Client config will not be used."}
{"level":"INFO","message":"[10:35:08.891 AM]: Easy Logging is disabled as no config has been found"}
{"level":"INFO","message":"[10:35:08.897 AM]: Connection[id: c3217fa5-d0e5-469e-99fb-0573753d6057] - connected successfully after 78.86280000000079 milliseconds"}
{"level":"INFO","message":"[10:35:08.914 AM]: No client config detected."}
{"level":"INFO","message":"[10:35:08.914 AM]: No config file path found. Client config will not be used."}
{"level":"INFO","message":"[10:35:08.915 AM]: Easy Logging is disabled as no config has been found"}
{"level":"INFO","message":"[10:35:08.916 AM]: Connection[id: 9f10335e-4709-422c-bd3a-ea193757dbbc] - connected successfully after 33.612200000001394 milliseconds"}
{"level":"INFO","message":"[10:38:30.717 AM]: Creating new connection object"}
{"level":"INFO","message":"[10:38:30.719 AM]: Creating Connection[id: e0e073c6-9be8-4965-85cf-cca5ec302612] with host: A5725842678961-SOFTWAREONE_SANDBOX.snowflakecomputing.com, account: A5725842678961-SOFTWAREONE_SANDBOX, accessUrl: https://A5725842678961-SOFTWAREONE_SANDBOX.snowflakecomputing.com, user: AKMAL_T, role: sysadmin, database: HR_Automation, schema: PUBLIC, warehouse: MY_WH_RIDHO, proxy was not configured, password is not provided, region: undefined, authenticator: SNOWFLAKE_JWT, ocsp mode: FAIL_OPEN, os: win32, os version: 10."}
{"level":"INFO","message":"[10:38:30.719 AM]: Connection[id: e0e073c6-9be8-4965-85cf-cca5ec302612] additional details: passcode in password is provided, passcode is not provided, private key is provided, application: undefined, client name: snowflake-sdk, client version: 2.2.0, retry timeout: 300, private key path: undefined, private key pass is not provided, client store temporary credential: false, browser response timeout: 120000"}
{"level":"INFO","message":"[10:38:30.719 AM]: Connection[id: e0e073c6-9be8-4965-85cf-cca5ec302612] - connection object created successfully."}
{"level":"INFO","message":"[10:38:30.720 AM]: Connection[id: e0e073c6-9be8-4965-85cf-cca5ec302612] - connecting. Associated Snowflake domain: GLOBAL"}
{"level":"INFO","message":"[10:38:30.722 AM]: Connection[id: e0e073c6-9be8-4965-85cf-cca5ec302612] - authentication successful using: SNOWFLAKE_JWT"}
{"level":"INFO","message":"[10:38:30.724 AM]: Connection[id: e0e073c6-9be8-4965-85cf-cca5ec302612] - connected successfully after 4.042599999986123 milliseconds"}
{"level":"INFO","message":"[10:38:34.312 AM]: Creating new connection object"}
{"level":"INFO","message":"[10:38:34.313 AM]: Creating Connection[id: 20f5459d-8a12-4ca9-afa3-2d9f0a6f3369] with host: A5725842678961-SOFTWAREONE_SANDBOX.snowflakecomputing.com, account: A5725842678961-SOFTWAREONE_SANDBOX, accessUrl: https://A5725842678961-SOFTWAREONE_SANDBOX.snowflakecomputing.com, user: AKMAL_T, role: sysadmin, database: HR_Automation, schema: PUBLIC, warehouse: MY_WH_RIDHO, proxy was not configured, password is not provided, region: undefined, authenticator: SNOWFLAKE_JWT, ocsp mode: FAIL_OPEN, os: win32, os version: 10."}
{"level":"INFO","message":"[10:38:34.313 AM]: Connection[id: 20f5459d-8a12-4ca9-afa3-2d9f0a6f3369] additional details: passcode in password is provided, passcode is not provided, private key is provided, application: undefined, client name: snowflake-sdk, client version: 2.2.0, retry timeout: 300, private key path: undefined, private key pass is not provided, client store temporary credential: false, browser response timeout: 120000"}
{"level":"INFO","message":"[10:38:34.313 AM]: Connection[id: 20f5459d-8a12-4ca9-afa3-2d9f0a6f3369] - connection object created successfully."}
{"level":"INFO","message":"[10:38:34.314 AM]: Connection[id: 20f5459d-8a12-4ca9-afa3-2d9f0a6f3369] - connecting. Associated Snowflake domain: GLOBAL"}
{"level":"INFO","message":"[10:38:34.316 AM]: Connection[id: 20f5459d-8a12-4ca9-afa3-2d9f0a6f3369] - authentication successful using: SNOWFLAKE_JWT"}
{"level":"INFO","message":"[10:38:34.317 AM]: Connection[id: 20f5459d-8a12-4ca9-afa3-2d9f0a6f3369] - connected successfully after 3.268500000005588 milliseconds"}
{"level":"INFO","message":"[10:38:34.844 AM]: Creating new connection object"}
{"level":"INFO","message":"[10:38:34.845 AM]: Creating Connection[id: 5f7c0e27-ccab-4aa1-b55f-5f906abc7ae4] with host: A5725842678961-SOFTWAREONE_SANDBOX.snowflakecomputing.com, account: A5725842678961-SOFTWAREONE_SANDBOX, accessUrl: https://A5725842678961-SOFTWAREONE_SANDBOX.snowflakecomputing.com, user: AKMAL_T, role: sysadmin, database: HR_Automation, schema: PUBLIC, warehouse: MY_WH_RIDHO, proxy was not configured, password is not provided, region: undefined, authenticator: SNOWFLAKE_JWT, ocsp mode: FAIL_OPEN, os: win32, os version: 10."}
{"level":"INFO","message":"[10:38:34.845 AM]: Connection[id: 5f7c0e27-ccab-4aa1-b55f-5f906abc7ae4] additional details: passcode in password is provided, passcode is not provided, private key is provided, application: undefined, client name: snowflake-sdk, client version: 2.2.0, retry timeout: 300, private key path: undefined, private key pass is not provided, client store temporary credential: false, browser response timeout: 120000"}
{"level":"INFO","message":"[10:38:34.845 AM]: Connection[id: 5f7c0e27-ccab-4aa1-b55f-5f906abc7ae4] - connection object created successfully."}
{"level":"INFO","message":"[10:38:34.846 AM]: Connection[id: 5f7c0e27-ccab-4aa1-b55f-5f906abc7ae4] - connecting. Associated Snowflake domain: GLOBAL"}
{"level":"INFO","message":"[10:38:34.848 AM]: Connection[id: 5f7c0e27-ccab-4aa1-b55f-5f906abc7ae4] - authentication successful using: SNOWFLAKE_JWT"}
{"level":"INFO","message":"[10:38:34.850 AM]: Connection[id: 5f7c0e27-ccab-4aa1-b55f-5f906abc7ae4] - connected successfully after 3.9826999999932013 milliseconds"}
{"level":"INFO","message":"[10:38:35.299 AM]: Creating new connection object"}
{"level":"INFO","message":"[10:38:35.300 AM]: Creating Connection[id: 0edef7fc-2587-4689-bd9a-872d7a6a57da] with host: A5725842678961-SOFTWAREONE_SANDBOX.snowflakecomputing.com, account: A5725842678961-SOFTWAREONE_SANDBOX, accessUrl: https://A5725842678961-SOFTWAREONE_SANDBOX.snowflakecomputing.com, user: AKMAL_T, role: sysadmin, database: HR_Automation, schema: PUBLIC, warehouse: MY_WH_RIDHO, proxy was not configured, password is not provided, region: undefined, authenticator: SNOWFLAKE_JWT, ocsp mode: FAIL_OPEN, os: win32, os version: 10."}
{"level":"INFO","message":"[10:38:35.301 AM]: Connection[id: 0edef7fc-2587-4689-bd9a-872d7a6a57da] additional details: passcode in password is provided, passcode is not provided, private key is provided, application: undefined, client name: snowflake-sdk, client version: 2.2.0, retry timeout: 300, private key path: undefined, private key pass is not provided, client store temporary credential: false, browser response timeout: 120000"}
{"level":"INFO","message":"[10:38:35.301 AM]: Connection[id: 0edef7fc-2587-4689-bd9a-872d7a6a57da] - connection object created successfully."}
{"level":"INFO","message":"[10:38:35.301 AM]: Connection[id: 0edef7fc-2587-4689-bd9a-872d7a6a57da] - connecting. Associated Snowflake domain: GLOBAL"}
{"level":"INFO","message":"[10:38:35.304 AM]: Connection[id: 0edef7fc-2587-4689-bd9a-872d7a6a57da] - authentication successful using: SNOWFLAKE_JWT"}
{"level":"INFO","message":"[10:38:35.304 AM]: Connection[id: 0edef7fc-2587-4689-bd9a-872d7a6a57da] - connected successfully after 3.021199999988312 milliseconds"}
{"level":"INFO","message":"[10:38:43.207 AM]: Creating new connection object"}
{"level":"INFO","message":"[10:38:43.208 AM]: Creating Connection[id: 9227158d-735b-4969-8c56-2414f8ff25e9] with host: A5725842678961-SOFTWAREONE_SANDBOX.snowflakecomputing.com, account: A5725842678961-SOFTWAREONE_SANDBOX, accessUrl: https://A5725842678961-SOFTWAREONE_SANDBOX.snowflakecomputing.com, user: AKMAL_T, role: sysadmin, database: HR_Automation, schema: PUBLIC, warehouse: MY_WH_RIDHO, proxy was not configured, password is not provided, region: undefined, authenticator: SNOWFLAKE_JWT, ocsp mode: FAIL_OPEN, os: win32, os version: 10."}
{"level":"INFO","message":"[10:38:43.209 AM]: Connection[id: 9227158d-735b-4969-8c56-2414f8ff25e9] additional details: passcode in password is provided, passcode is not provided, private key is provided, application: undefined, client name: snowflake-sdk, client version: 2.2.0, retry timeout: 300, private key path: undefined, private key pass is not provided, client store temporary credential: false, browser response timeout: 120000"}
{"level":"INFO","message":"[10:38:43.209 AM]: Connection[id: 9227158d-735b-4969-8c56-2414f8ff25e9] - connection object created successfully."}
{"level":"INFO","message":"[10:38:43.209 AM]: Connection[id: 9227158d-735b-4969-8c56-2414f8ff25e9] - connecting. Associated Snowflake domain: GLOBAL"}
{"level":"INFO","message":"[10:38:43.212 AM]: Connection[id: 9227158d-735b-4969-8c56-2414f8ff25e9] - authentication successful using: SNOWFLAKE_JWT"}
{"level":"INFO","message":"[10:38:43.213 AM]: Connection[id: 9227158d-735b-4969-8c56-2414f8ff25e9] - connected successfully after 3.5754000000015367 milliseconds"}
{"level":"INFO","message":"[10:38:43.689 AM]: Creating new connection object"}
{"level":"INFO","message":"[10:38:43.690 AM]: Creating Connection[id: ce4283f9-8c4b-40af-9cc1-929ef0ebc6d0] with host: A5725842678961-SOFTWAREONE_SANDBOX.snowflakecomputing.com, account: A5725842678961-SOFTWAREONE_SANDBOX, accessUrl: https://A5725842678961-SOFTWAREONE_SANDBOX.snowflakecomputing.com, user: AKMAL_T, role: sysadmin, database: HR_Automation, schema: PUBLIC, warehouse: MY_WH_RIDHO, proxy was not configured, password is not provided, region: undefined, authenticator: SNOWFLAKE_JWT, ocsp mode: FAIL_OPEN, os: win32, os version: 10."}
{"level":"INFO","message":"[10:38:43.691 AM]: Connection[id: ce4283f9-8c4b-40af-9cc1-929ef0ebc6d0] additional details: passcode in password is provided, passcode is not provided, private key is provided, application: undefined, client name: snowflake-sdk, client version: 2.2.0, retry timeout: 300, private key path: undefined, private key pass is not provided, client store temporary credential: false, browser response timeout: 120000"}
{"level":"INFO","message":"[10:38:43.691 AM]: Connection[id: ce4283f9-8c4b-40af-9cc1-929ef0ebc6d0] - connection object created successfully."}
{"level":"INFO","message":"[10:38:43.691 AM]: Connection[id: ce4283f9-8c4b-40af-9cc1-929ef0ebc6d0] - connecting. Associated Snowflake domain: GLOBAL"}
{"level":"INFO","message":"[10:38:43.693 AM]: Connection[id: ce4283f9-8c4b-40af-9cc1-929ef0ebc6d0] - authentication successful using: SNOWFLAKE_JWT"}
{"level":"INFO","message":"[10:38:43.694 AM]: Connection[id: ce4283f9-8c4b-40af-9cc1-929ef0ebc6d0] - connected successfully after 3.121899999998277 milliseconds"}
{"level":"INFO","message":"[10:38:58.566 AM]: Creating new connection object"}
{"level":"INFO","message":"[10:38:58.568 AM]: Creating Connection[id: 8060b7dc-751f-416b-9a7c-e56e373891a7] with host: A5725842678961-SOFTWAREONE_SANDBOX.snowflakecomputing.com, account: A5725842678961-SOFTWAREONE_SANDBOX, accessUrl: https://A5725842678961-SOFTWAREONE_SANDBOX.snowflakecomputing.com, user: AKMAL_T, role: sysadmin, database: HR_Automation, schema: PUBLIC, warehouse: MY_WH_RIDHO, proxy was not configured, password is not provided, region: undefined, authenticator: SNOWFLAKE_JWT, ocsp mode: FAIL_OPEN, os: win32, os version: 10."}
{"level":"INFO","message":"[10:38:58.568 AM]: Connection[id: 8060b7dc-751f-416b-9a7c-e56e373891a7] additional details: passcode in password is provided, passcode is not provided, private key is provided, application: undefined, client name: snowflake-sdk, client version: 2.2.0, retry timeout: 300, private key path: undefined, private key pass is not provided, client store temporary credential: false, browser response timeout: 120000"}
{"level":"INFO","message":"[10:38:58.568 AM]: Connection[id: 8060b7dc-751f-416b-9a7c-e56e373891a7] - connection object created successfully."}
{"level":"INFO","message":"[10:38:58.569 AM]: Connection[id: 8060b7dc-751f-416b-9a7c-e56e373891a7] - connecting. Associated Snowflake domain: GLOBAL"}
{"level":"INFO","message":"[10:38:58.572 AM]: Connection[id: 8060b7dc-751f-416b-9a7c-e56e373891a7] - authentication successful using: SNOWFLAKE_JWT"}
{"level":"INFO","message":"[10:38:58.573 AM]: Connection[id: 8060b7dc-751f-416b-9a7c-e56e373891a7] - connected successfully after 4.3875999999872874 milliseconds"}
{"level":"INFO","message":"[10:38:59.001 AM]: Creating new connection object"}
{"level":"INFO","message":"[10:38:59.002 AM]: Creating Connection[id: e61d5642-0b29-4432-9131-3bc92a5af0a4] with host: A5725842678961-SOFTWAREONE_SANDBOX.snowflakecomputing.com, account: A5725842678961-SOFTWAREONE_SANDBOX, accessUrl: https://A5725842678961-SOFTWAREONE_SANDBOX.snowflakecomputing.com, user: AKMAL_T, role: sysadmin, database: HR_Automation, schema: PUBLIC, warehouse: MY_WH_RIDHO, proxy was not configured, password is not provided, region: undefined, authenticator: SNOWFLAKE_JWT, ocsp mode: FAIL_OPEN, os: win32, os version: 10."}
{"level":"INFO","message":"[10:38:59.002 AM]: Connection[id: e61d5642-0b29-4432-9131-3bc92a5af0a4] additional details: passcode in password is provided, passcode is not provided, private key is provided, application: undefined, client name: snowflake-sdk, client version: 2.2.0, retry timeout: 300, private key path: undefined, private key pass is not provided, client store temporary credential: false, browser response timeout: 120000"}
{"level":"INFO","message":"[10:38:59.002 AM]: Connection[id: e61d5642-0b29-4432-9131-3bc92a5af0a4] - connection object created successfully."}
{"level":"INFO","message":"[10:38:59.002 AM]: Connection[id: e61d5642-0b29-4432-9131-3bc92a5af0a4] - connecting. Associated Snowflake domain: GLOBAL"}
{"level":"INFO","message":"[10:38:59.005 AM]: Connection[id: e61d5642-0b29-4432-9131-3bc92a5af0a4] - authentication successful using: SNOWFLAKE_JWT"}
{"level":"INFO","message":"[10:38:59.005 AM]: Connection[id: e61d5642-0b29-4432-9131-3bc92a5af0a4] - connected successfully after 3.184000000008382 milliseconds"}
{"level":"INFO","message":"[10:38:59.450 AM]: Creating new connection object"}
{"level":"INFO","message":"[10:38:59.451 AM]: Creating Connection[id: a6061fbd-ccee-4c62-8b77-a038bfab0530] with host: A5725842678961-SOFTWAREONE_SANDBOX.snowflakecomputing.com, account: A5725842678961-SOFTWAREONE_SANDBOX, accessUrl: https://A5725842678961-SOFTWAREONE_SANDBOX.snowflakecomputing.com, user: AKMAL_T, role: sysadmin, database: HR_Automation, schema: PUBLIC, warehouse: MY_WH_RIDHO, proxy was not configured, password is not provided, region: undefined, authenticator: SNOWFLAKE_JWT, ocsp mode: FAIL_OPEN, os: win32, os version: 10."}
{"level":"INFO","message":"[10:38:59.452 AM]: Connection[id: a6061fbd-ccee-4c62-8b77-a038bfab0530] additional details: passcode in password is provided, passcode is not provided, private key is provided, application: undefined, client name: snowflake-sdk, client version: 2.2.0, retry timeout: 300, private key path: undefined, private key pass is not provided, client store temporary credential: false, browser response timeout: 120000"}
{"level":"INFO","message":"[10:38:59.452 AM]: Connection[id: a6061fbd-ccee-4c62-8b77-a038bfab0530] - connection object created successfully."}
{"level":"INFO","message":"[10:38:59.453 AM]: Connection[id: a6061fbd-ccee-4c62-8b77-a038bfab0530] - connecting. Associated Snowflake domain: GLOBAL"}
{"level":"INFO","message":"[10:38:59.455 AM]: Connection[id: a6061fbd-ccee-4c62-8b77-a038bfab0530] - authentication successful using: SNOWFLAKE_JWT"}
{"level":"INFO","message":"[10:38:59.456 AM]: Connection[id: a6061fbd-ccee-4c62-8b77-a038bfab0530] - connected successfully after 3.2030000000086147 milliseconds"}
{"level":"INFO","message":"[10:38:59.878 AM]: Creating new connection object"}
{"level":"INFO","message":"[10:38:59.879 AM]: Creating Connection[id: 67b1d196-8994-4e7f-81bb-0f687fac6073] with host: A5725842678961-SOFTWAREONE_SANDBOX.snowflakecomputing.com, account: A5725842678961-SOFTWAREONE_SANDBOX, accessUrl: https://A5725842678961-SOFTWAREONE_SANDBOX.snowflakecomputing.com, user: AKMAL_T, role: sysadmin, database: HR_Automation, schema: PUBLIC, warehouse: MY_WH_RIDHO, proxy was not configured, password is not provided, region: undefined, authenticator: SNOWFLAKE_JWT, ocsp mode: FAIL_OPEN, os: win32, os version: 10."}
{"level":"INFO","message":"[10:38:59.879 AM]: Connection[id: 67b1d196-8994-4e7f-81bb-0f687fac6073] additional details: passcode in password is provided, passcode is not provided, private key is provided, application: undefined, client name: snowflake-sdk, client version: 2.2.0, retry timeout: 300, private key path: undefined, private key pass is not provided, client store temporary credential: false, browser response timeout: 120000"}
{"level":"INFO","message":"[10:38:59.880 AM]: Connection[id: 67b1d196-8994-4e7f-81bb-0f687fac6073] - connection object created successfully."}
{"level":"INFO","message":"[10:38:59.880 AM]: Connection[id: 67b1d196-8994-4e7f-81bb-0f687fac6073] - connecting. Associated Snowflake domain: GLOBAL"}
{"level":"INFO","message":"[10:38:59.882 AM]: Connection[id: 67b1d196-8994-4e7f-81bb-0f687fac6073] - authentication successful using: SNOWFLAKE_JWT"}
{"level":"INFO","message":"[10:38:59.883 AM]: Connection[id: 67b1d196-8994-4e7f-81bb-0f687fac6073] - connected successfully after 3.3184000000183005 milliseconds"}
{"level":"INFO","message":"[10:39:40.687 AM]: Creating new connection object"}
{"level":"INFO","message":"[10:39:40.689 AM]: Creating Connection[id: 862196a1-a7fa-4f5d-a403-89ce1cf88d4d] with host: A5725842678961-SOFTWAREONE_SANDBOX.snowflakecomputing.com, account: A5725842678961-SOFTWAREONE_SANDBOX, accessUrl: https://A5725842678961-SOFTWAREONE_SANDBOX.snowflakecomputing.com, user: AKMAL_T, role: sysadmin, database: HR_Automation, schema: PUBLIC, warehouse: MY_WH_RIDHO, proxy was not configured, password is not provided, region: undefined, authenticator: SNOWFLAKE_JWT, ocsp mode: FAIL_OPEN, os: win32, os version: 10."}
{"level":"INFO","message":"[10:39:40.689 AM]: Connection[id: 862196a1-a7fa-4f5d-a403-89ce1cf88d4d] additional details: passcode in password is provided, passcode is not provided, private key is provided, application: undefined, client name: snowflake-sdk, client version: 2.2.0, retry timeout: 300, private key path: undefined, private key pass is not provided, client store temporary credential: false, browser response timeout: 120000"}
{"level":"INFO","message":"[10:39:40.689 AM]: Connection[id: 862196a1-a7fa-4f5d-a403-89ce1cf88d4d] - connection object created successfully."}
{"level":"INFO","message":"[10:39:40.689 AM]: Connection[id: 862196a1-a7fa-4f5d-a403-89ce1cf88d4d] - connecting. Associated Snowflake domain: GLOBAL"}
{"level":"INFO","message":"[10:39:40.692 AM]: Connection[id: 862196a1-a7fa-4f5d-a403-89ce1cf88d4d] - authentication successful using: SNOWFLAKE_JWT"}
{"level":"INFO","message":"[10:39:40.692 AM]: Connection[id: 862196a1-a7fa-4f5d-a403-89ce1cf88d4d] - connected successfully after 2.972600000037346 milliseconds"}
{"level":"INFO","message":"[10:39:41.142 AM]: Creating new connection object"}
{"level":"INFO","message":"[10:39:41.143 AM]: Creating Connection[id: b7b5f7c3-78ae-4bd0-8cc0-87a4b825ed47] with host: A5725842678961-SOFTWAREONE_SANDBOX.snowflakecomputing.com, account: A5725842678961-SOFTWAREONE_SANDBOX, accessUrl: https://A5725842678961-SOFTWAREONE_SANDBOX.snowflakecomputing.com, user: AKMAL_T, role: sysadmin, database: HR_Automation, schema: PUBLIC, warehouse: MY_WH_RIDHO, proxy was not configured, password is not provided, region: undefined, authenticator: SNOWFLAKE_JWT, ocsp mode: FAIL_OPEN, os: win32, os version: 10."}
{"level":"INFO","message":"[10:39:41.143 AM]: Connection[id: b7b5f7c3-78ae-4bd0-8cc0-87a4b825ed47] additional details: passcode in password is provided, passcode is not provided, private key is provided, application: undefined, client name: snowflake-sdk, client version: 2.2.0, retry timeout: 300, private key path: undefined, private key pass is not provided, client store temporary credential: false, browser response timeout: 120000"}
{"level":"INFO","message":"[10:39:41.144 AM]: Connection[id: b7b5f7c3-78ae-4bd0-8cc0-87a4b825ed47] - connection object created successfully."}
{"level":"INFO","message":"[10:39:41.144 AM]: Connection[id: b7b5f7c3-78ae-4bd0-8cc0-87a4b825ed47] - connecting. Associated Snowflake domain: GLOBAL"}
{"level":"INFO","message":"[10:39:41.146 AM]: Connection[id: b7b5f7c3-78ae-4bd0-8cc0-87a4b825ed47] - authentication successful using: SNOWFLAKE_JWT"}
{"level":"INFO","message":"[10:39:41.147 AM]: Connection[id: b7b5f7c3-78ae-4bd0-8cc0-87a4b825ed47] - connected successfully after 3.491700000013225 milliseconds"}
{"level":"INFO","message":"[10:39:53.036 AM]: Creating new connection object"}
{"level":"INFO","message":"[10:39:53.037 AM]: Creating Connection[id: e43364e7-83e5-45cb-8116-1aa98fe1ed9c] with host: A5725842678961-SOFTWAREONE_SANDBOX.snowflakecomputing.com, account: A5725842678961-SOFTWAREONE_SANDBOX, accessUrl: https://A5725842678961-SOFTWAREONE_SANDBOX.snowflakecomputing.com, user: AKMAL_T, role: sysadmin, database: HR_Automation, schema: PUBLIC, warehouse: MY_WH_RIDHO, proxy was not configured, password is not provided, region: undefined, authenticator: SNOWFLAKE_JWT, ocsp mode: FAIL_OPEN, os: win32, os version: 10."}
{"level":"INFO","message":"[10:39:53.037 AM]: Connection[id: e43364e7-83e5-45cb-8116-1aa98fe1ed9c] additional details: passcode in password is provided, passcode is not provided, private key is provided, application: undefined, client name: snowflake-sdk, client version: 2.2.0, retry timeout: 300, private key path: undefined, private key pass is not provided, client store temporary credential: false, browser response timeout: 120000"}
{"level":"INFO","message":"[10:39:53.038 AM]: Connection[id: e43364e7-83e5-45cb-8116-1aa98fe1ed9c] - connection object created successfully."}
{"level":"INFO","message":"[10:39:53.038 AM]: Connection[id: e43364e7-83e5-45cb-8116-1aa98fe1ed9c] - connecting. Associated Snowflake domain: GLOBAL"}
{"level":"INFO","message":"[10:39:53.040 AM]: Connection[id: e43364e7-83e5-45cb-8116-1aa98fe1ed9c] - authentication successful using: SNOWFLAKE_JWT"}
{"level":"INFO","message":"[10:39:53.041 AM]: Connection[id: e43364e7-83e5-45cb-8116-1aa98fe1ed9c] - connected successfully after 3.082799999974668 milliseconds"}
{"level":"INFO","message":"[10:39:53.512 AM]: Creating new connection object"}
{"level":"INFO","message":"[10:39:53.513 AM]: Creating Connection[id: 5dc70f38-4d42-4210-9e0c-f50f3e3f701c] with host: A5725842678961-SOFTWAREONE_SANDBOX.snowflakecomputing.com, account: A5725842678961-SOFTWAREONE_SANDBOX, accessUrl: https://A5725842678961-SOFTWAREONE_SANDBOX.snowflakecomputing.com, user: AKMAL_T, role: sysadmin, database: HR_Automation, schema: PUBLIC, warehouse: MY_WH_RIDHO, proxy was not configured, password is not provided, region: undefined, authenticator: SNOWFLAKE_JWT, ocsp mode: FAIL_OPEN, os: win32, os version: 10."}
{"level":"INFO","message":"[10:39:53.513 AM]: Connection[id: 5dc70f38-4d42-4210-9e0c-f50f3e3f701c] additional details: passcode in password is provided, passcode is not provided, private key is provided, application: undefined, client name: snowflake-sdk, client version: 2.2.0, retry timeout: 300, private key path: undefined, private key pass is not provided, client store temporary credential: false, browser response timeout: 120000"}
{"level":"INFO","message":"[10:39:53.513 AM]: Connection[id: 5dc70f38-4d42-4210-9e0c-f50f3e3f701c] - connection object created successfully."}
{"level":"INFO","message":"[10:39:53.514 AM]: Connection[id: 5dc70f38-4d42-4210-9e0c-f50f3e3f701c] - connecting. Associated Snowflake domain: GLOBAL"}
{"level":"INFO","message":"[10:39:53.516 AM]: Connection[id: 5dc70f38-4d42-4210-9e0c-f50f3e3f701c] - authentication successful using: SNOWFLAKE_JWT"}
{"level":"INFO","message":"[10:39:53.517 AM]: Connection[id: 5dc70f38-4d42-4210-9e0c-f50f3e3f701c] - connected successfully after 3.7489000000059605 milliseconds"}
{"level":"INFO","message":"[10:39:53.954 AM]: Creating new connection object"}
{"level":"INFO","message":"[10:39:53.955 AM]: Creating Connection[id: 6a7bbec4-9d94-4019-bba6-f984fec90aad] with host: A5725842678961-SOFTWAREONE_SANDBOX.snowflakecomputing.com, account: A5725842678961-SOFTWAREONE_SANDBOX, accessUrl: https://A5725842678961-SOFTWAREONE_SANDBOX.snowflakecomputing.com, user: AKMAL_T, role: sysadmin, database: HR_Automation, schema: PUBLIC, warehouse: MY_WH_RIDHO, proxy was not configured, password is not provided, region: undefined, authenticator: SNOWFLAKE_JWT, ocsp mode: FAIL_OPEN, os: win32, os version: 10."}
{"level":"INFO","message":"[10:39:53.955 AM]: Connection[id: 6a7bbec4-9d94-4019-bba6-f984fec90aad] additional details: passcode in password is provided, passcode is not provided, private key is provided, application: undefined, client name: snowflake-sdk, client version: 2.2.0, retry timeout: 300, private key path: undefined, private key pass is not provided, client store temporary credential: false, browser response timeout: 120000"}
{"level":"INFO","message":"[10:39:53.956 AM]: Connection[id: 6a7bbec4-9d94-4019-bba6-f984fec90aad] - connection object created successfully."}
{"level":"INFO","message":"[10:39:53.956 AM]: Connection[id: 6a7bbec4-9d94-4019-bba6-f984fec90aad] - connecting. Associated Snowflake domain: GLOBAL"}
{"level":"INFO","message":"[10:39:53.959 AM]: Connection[id: 6a7bbec4-9d94-4019-bba6-f984fec90aad] - authentication successful using: SNOWFLAKE_JWT"}
{"level":"INFO","message":"[10:39:53.959 AM]: Connection[id: 6a7bbec4-9d94-4019-bba6-f984fec90aad] - connected successfully after 3.2065000000293367 milliseconds"}
{"level":"INFO","message":"[10:39:54.375 AM]: Creating new connection object"}
{"level":"INFO","message":"[10:39:54.376 AM]: Creating Connection[id: 5c2717c4-0307-4be7-8577-6cb2309f3fb5] with host: A5725842678961-SOFTWAREONE_SANDBOX.snowflakecomputing.com, account: A5725842678961-SOFTWAREONE_SANDBOX, accessUrl: https://A5725842678961-SOFTWAREONE_SANDBOX.snowflakecomputing.com, user: AKMAL_T, role: sysadmin, database: HR_Automation, schema: PUBLIC, warehouse: MY_WH_RIDHO, proxy was not configured, password is not provided, region: undefined, authenticator: SNOWFLAKE_JWT, ocsp mode: FAIL_OPEN, os: win32, os version: 10."}
{"level":"INFO","message":"[10:39:54.376 AM]: Connection[id: 5c2717c4-0307-4be7-8577-6cb2309f3fb5] additional details: passcode in password is provided, passcode is not provided, private key is provided, application: undefined, client name: snowflake-sdk, client version: 2.2.0, retry timeout: 300, private key path: undefined, private key pass is not provided, client store temporary credential: false, browser response timeout: 120000"}
{"level":"INFO","message":"[10:39:54.377 AM]: Connection[id: 5c2717c4-0307-4be7-8577-6cb2309f3fb5] - connection object created successfully."}
{"level":"INFO","message":"[10:39:54.377 AM]: Connection[id: 5c2717c4-0307-4be7-8577-6cb2309f3fb5] - connecting. Associated Snowflake domain: GLOBAL"}
{"level":"INFO","message":"[10:39:54.379 AM]: Connection[id: 5c2717c4-0307-4be7-8577-6cb2309f3fb5] - authentication successful using: SNOWFLAKE_JWT"}
{"level":"INFO","message":"[10:39:54.380 AM]: Connection[id: 5c2717c4-0307-4be7-8577-6cb2309f3fb5] - connected successfully after 2.724500000011176 milliseconds"}
{"level":"INFO","message":"[10:49:50.264 AM]: Creating new connection object"}
{"level":"INFO","message":"[10:49:50.265 AM]: Creating Connection[id: cb3871df-8ab7-4593-8038-ba6f5e21978d] with host: A5725842678961-SOFTWAREONE_SANDBOX.snowflakecomputing.com, account: A5725842678961-SOFTWAREONE_SANDBOX, accessUrl: https://A5725842678961-SOFTWAREONE_SANDBOX.snowflakecomputing.com, user: AKMAL_T, role: sysadmin, database: HR_Automation, schema: PUBLIC, warehouse: MY_WH_RIDHO, proxy was not configured, password is not provided, region: undefined, authenticator: SNOWFLAKE_JWT, ocsp mode: FAIL_OPEN, os: win32, os version: 10."}
{"level":"INFO","message":"[10:49:50.266 AM]: Connection[id: cb3871df-8ab7-4593-8038-ba6f5e21978d] additional details: passcode in password is provided, passcode is not provided, private key is provided, application: undefined, client name: snowflake-sdk, client version: 2.2.0, retry timeout: 300, private key path: undefined, private key pass is not provided, client store temporary credential: false, browser response timeout: 120000"}
{"level":"INFO","message":"[10:49:50.266 AM]: Connection[id: cb3871df-8ab7-4593-8038-ba6f5e21978d] - connection object created successfully."}
{"level":"INFO","message":"[10:49:50.266 AM]: Connection[id: cb3871df-8ab7-4593-8038-ba6f5e21978d] - connecting. Associated Snowflake domain: GLOBAL"}
{"level":"INFO","message":"[10:49:50.268 AM]: Connection[id: cb3871df-8ab7-4593-8038-ba6f5e21978d] - authentication successful using: SNOWFLAKE_JWT"}
{"level":"INFO","message":"[10:49:50.270 AM]: Connection[id: cb3871df-8ab7-4593-8038-ba6f5e21978d] - connected successfully after 3.3932000000495464 milliseconds"}
{"level":"INFO","message":"[10:49:52.127 AM]: Creating new connection object"}
{"level":"INFO","message":"[10:49:52.128 AM]: Creating Connection[id: a37645d8-aa89-4376-9318-e0bcb619031d] with host: A5725842678961-SOFTWAREONE_SANDBOX.snowflakecomputing.com, account: A5725842678961-SOFTWAREONE_SANDBOX, accessUrl: https://A5725842678961-SOFTWAREONE_SANDBOX.snowflakecomputing.com, user: AKMAL_T, role: sysadmin, database: HR_Automation, schema: PUBLIC, warehouse: MY_WH_RIDHO, proxy was not configured, password is not provided, region: undefined, authenticator: SNOWFLAKE_JWT, ocsp mode: FAIL_OPEN, os: win32, os version: 10."}
{"level":"INFO","message":"[10:49:52.129 AM]: Connection[id: a37645d8-aa89-4376-9318-e0bcb619031d] additional details: passcode in password is provided, passcode is not provided, private key is provided, application: undefined, client name: snowflake-sdk, client version: 2.2.0, retry timeout: 300, private key path: undefined, private key pass is not provided, client store temporary credential: false, browser response timeout: 120000"}
{"level":"INFO","message":"[10:49:52.129 AM]: Connection[id: a37645d8-aa89-4376-9318-e0bcb619031d] - connection object created successfully."}
{"level":"INFO","message":"[10:49:52.129 AM]: Connection[id: a37645d8-aa89-4376-9318-e0bcb619031d] - connecting. Associated Snowflake domain: GLOBAL"}
{"level":"INFO","message":"[10:49:52.131 AM]: Connection[id: a37645d8-aa89-4376-9318-e0bcb619031d] - authentication successful using: SNOWFLAKE_JWT"}
{"level":"INFO","message":"[10:49:52.133 AM]: Connection[id: a37645d8-aa89-4376-9318-e0bcb619031d] - connected successfully after 3.6208000000333413 milliseconds"}
{"level":"INFO","message":"[10:50:01.121 AM]: Creating new connection object"}
{"level":"INFO","message":"[10:50:01.122 AM]: Creating Connection[id: 381d2c7f-479b-4587-9dea-2fa3773c186d] with host: A5725842678961-SOFTWAREONE_SANDBOX.snowflakecomputing.com, account: A5725842678961-SOFTWAREONE_SANDBOX, accessUrl: https://A5725842678961-SOFTWAREONE_SANDBOX.snowflakecomputing.com, user: AKMAL_T, role: sysadmin, database: HR_Automation, schema: PUBLIC, warehouse: MY_WH_RIDHO, proxy was not configured, password is not provided, region: undefined, authenticator: SNOWFLAKE_JWT, ocsp mode: FAIL_OPEN, os: win32, os version: 10."}
{"level":"INFO","message":"[10:50:01.123 AM]: Connection[id: 381d2c7f-479b-4587-9dea-2fa3773c186d] additional details: passcode in password is provided, passcode is not provided, private key is provided, application: undefined, client name: snowflake-sdk, client version: 2.2.0, retry timeout: 300, private key path: undefined, private key pass is not provided, client store temporary credential: false, browser response timeout: 120000"}
{"level":"INFO","message":"[10:50:01.123 AM]: Connection[id: 381d2c7f-479b-4587-9dea-2fa3773c186d] - connection object created successfully."}
{"level":"INFO","message":"[10:50:01.123 AM]: Connection[id: 381d2c7f-479b-4587-9dea-2fa3773c186d] - connecting. Associated Snowflake domain: GLOBAL"}
{"level":"INFO","message":"[10:50:01.126 AM]: Connection[id: 381d2c7f-479b-4587-9dea-2fa3773c186d] - authentication successful using: SNOWFLAKE_JWT"}
{"level":"INFO","message":"[10:50:01.127 AM]: Connection[id: 381d2c7f-479b-4587-9dea-2fa3773c186d] - connected successfully after 3.6144000000786036 milliseconds"}
{"level":"INFO","message":"[10:50:03.270 AM]: Creating new connection object"}
{"level":"INFO","message":"[10:50:03.271 AM]: Creating Connection[id: 07e75c95-a845-477f-ac5a-6149a8ae6885] with host: A5725842678961-SOFTWAREONE_SANDBOX.snowflakecomputing.com, account: A5725842678961-SOFTWAREONE_SANDBOX, accessUrl: https://A5725842678961-SOFTWAREONE_SANDBOX.snowflakecomputing.com, user: AKMAL_T, role: sysadmin, database: HR_Automation, schema: PUBLIC, warehouse: MY_WH_RIDHO, proxy was not configured, password is not provided, region: undefined, authenticator: SNOWFLAKE_JWT, ocsp mode: FAIL_OPEN, os: win32, os version: 10."}
{"level":"INFO","message":"[10:50:03.271 AM]: Connection[id: 07e75c95-a845-477f-ac5a-6149a8ae6885] additional details: passcode in password is provided, passcode is not provided, private key is provided, application: undefined, client name: snowflake-sdk, client version: 2.2.0, retry timeout: 300, private key path: undefined, private key pass is not provided, client store temporary credential: false, browser response timeout: 120000"}
{"level":"INFO","message":"[10:50:03.272 AM]: Connection[id: 07e75c95-a845-477f-ac5a-6149a8ae6885] - connection object created successfully."}
{"level":"INFO","message":"[10:50:03.272 AM]: Connection[id: 07e75c95-a845-477f-ac5a-6149a8ae6885] - connecting. Associated Snowflake domain: GLOBAL"}
{"level":"INFO","message":"[10:50:03.274 AM]: Connection[id: 07e75c95-a845-477f-ac5a-6149a8ae6885] - authentication successful using: SNOWFLAKE_JWT"}
{"level":"INFO","message":"[10:50:03.275 AM]: Connection[id: 07e75c95-a845-477f-ac5a-6149a8ae6885] - connected successfully after 3.2252999999327585 milliseconds"}
{"level":"INFO","message":"[10:50:03.281 AM]: Creating new connection object"}
{"level":"INFO","message":"[10:50:03.282 AM]: Creating Connection[id: aae4119e-4005-4eff-975f-9b4980bc0149] with host: A5725842678961-SOFTWAREONE_SANDBOX.snowflakecomputing.com, account: A5725842678961-SOFTWAREONE_SANDBOX, accessUrl: https://A5725842678961-SOFTWAREONE_SANDBOX.snowflakecomputing.com, user: AKMAL_T, role: sysadmin, database: HR_Automation, schema: PUBLIC, warehouse: MY_WH_RIDHO, proxy was not configured, password is not provided, region: undefined, authenticator: SNOWFLAKE_JWT, ocsp mode: FAIL_OPEN, os: win32, os version: 10."}
{"level":"INFO","message":"[10:50:03.282 AM]: Connection[id: aae4119e-4005-4eff-975f-9b4980bc0149] additional details: passcode in password is provided, passcode is not provided, private key is provided, application: undefined, client name: snowflake-sdk, client version: 2.2.0, retry timeout: 300, private key path: undefined, private key pass is not provided, client store temporary credential: false, browser response timeout: 120000"}
{"level":"INFO","message":"[10:50:03.282 AM]: Connection[id: aae4119e-4005-4eff-975f-9b4980bc0149] - connection object created successfully."}
{"level":"INFO","message":"[10:50:03.283 AM]: Connection[id: aae4119e-4005-4eff-975f-9b4980bc0149] - connecting. Associated Snowflake domain: GLOBAL"}
{"level":"INFO","message":"[10:50:03.285 AM]: Connection[id: aae4119e-4005-4eff-975f-9b4980bc0149] - authentication successful using: SNOWFLAKE_JWT"}
{"level":"INFO","message":"[10:50:03.286 AM]: Connection[id: aae4119e-4005-4eff-975f-9b4980bc0149] - connected successfully after 3.6592999999411404 milliseconds"}
{"level":"INFO","message":"[10:50:03.776 AM]: Creating new connection object"}
{"level":"INFO","message":"[10:50:03.777 AM]: Creating Connection[id: 703714e6-ede4-4164-a0bf-1f00d6ec425f] with host: A5725842678961-SOFTWAREONE_SANDBOX.snowflakecomputing.com, account: A5725842678961-SOFTWAREONE_SANDBOX, accessUrl: https://A5725842678961-SOFTWAREONE_SANDBOX.snowflakecomputing.com, user: AKMAL_T, role: sysadmin, database: HR_Automation, schema: PUBLIC, warehouse: MY_WH_RIDHO, proxy was not configured, password is not provided, region: undefined, authenticator: SNOWFLAKE_JWT, ocsp mode: FAIL_OPEN, os: win32, os version: 10."}
{"level":"INFO","message":"[10:50:03.777 AM]: Connection[id: 703714e6-ede4-4164-a0bf-1f00d6ec425f] additional details: passcode in password is provided, passcode is not provided, private key is provided, application: undefined, client name: snowflake-sdk, client version: 2.2.0, retry timeout: 300, private key path: undefined, private key pass is not provided, client store temporary credential: false, browser response timeout: 120000"}
{"level":"INFO","message":"[10:50:03.777 AM]: Connection[id: 703714e6-ede4-4164-a0bf-1f00d6ec425f] - connection object created successfully."}
{"level":"INFO","message":"[10:50:03.778 AM]: Connection[id: 703714e6-ede4-4164-a0bf-1f00d6ec425f] - connecting. Associated Snowflake domain: GLOBAL"}
{"level":"INFO","message":"[10:50:03.780 AM]: Connection[id: 703714e6-ede4-4164-a0bf-1f00d6ec425f] - authentication successful using: SNOWFLAKE_JWT"}
{"level":"INFO","message":"[10:50:03.781 AM]: Connection[id: 703714e6-ede4-4164-a0bf-1f00d6ec425f] - connected successfully after 3.2825000000884756 milliseconds"}
{"level":"INFO","message":"[10:50:03.867 AM]: Creating new connection object"}
{"level":"INFO","message":"[10:50:03.869 AM]: Creating Connection[id: 3018102a-e43f-4961-9b35-cd63271b14ea] with host: A5725842678961-SOFTWAREONE_SANDBOX.snowflakecomputing.com, account: A5725842678961-SOFTWAREONE_SANDBOX, accessUrl: https://A5725842678961-SOFTWAREONE_SANDBOX.snowflakecomputing.com, user: AKMAL_T, role: sysadmin, database: HR_Automation, schema: PUBLIC, warehouse: MY_WH_RIDHO, proxy was not configured, password is not provided, region: undefined, authenticator: SNOWFLAKE_JWT, ocsp mode: FAIL_OPEN, os: win32, os version: 10."}
{"level":"INFO","message":"[10:50:03.869 AM]: Connection[id: 3018102a-e43f-4961-9b35-cd63271b14ea] additional details: passcode in password is provided, passcode is not provided, private key is provided, application: undefined, client name: snowflake-sdk, client version: 2.2.0, retry timeout: 300, private key path: undefined, private key pass is not provided, client store temporary credential: false, browser response timeout: 120000"}
{"level":"INFO","message":"[10:50:03.869 AM]: Connection[id: 3018102a-e43f-4961-9b35-cd63271b14ea] - connection object created successfully."}
{"level":"INFO","message":"[10:50:03.869 AM]: Connection[id: 3018102a-e43f-4961-9b35-cd63271b14ea] - connecting. Associated Snowflake domain: GLOBAL"}
{"level":"INFO","message":"[10:50:03.872 AM]: Connection[id: 3018102a-e43f-4961-9b35-cd63271b14ea] - authentication successful using: SNOWFLAKE_JWT"}
{"level":"INFO","message":"[10:50:03.873 AM]: Connection[id: 3018102a-e43f-4961-9b35-cd63271b14ea] - connected successfully after 3.5140999999130145 milliseconds"}
{"level":"INFO","message":"[10:50:04.360 AM]: Creating new connection object"}
{"level":"INFO","message":"[10:50:04.362 AM]: Creating Connection[id: 9a61a1ad-396a-4275-8bd3-4de972ea7ef4] with host: A5725842678961-SOFTWAREONE_SANDBOX.snowflakecomputing.com, account: A5725842678961-SOFTWAREONE_SANDBOX, accessUrl: https://A5725842678961-SOFTWAREONE_SANDBOX.snowflakecomputing.com, user: AKMAL_T, role: sysadmin, database: HR_Automation, schema: PUBLIC, warehouse: MY_WH_RIDHO, proxy was not configured, password is not provided, region: undefined, authenticator: SNOWFLAKE_JWT, ocsp mode: FAIL_OPEN, os: win32, os version: 10."}
{"level":"INFO","message":"[10:50:04.362 AM]: Connection[id: 9a61a1ad-396a-4275-8bd3-4de972ea7ef4] additional details: passcode in password is provided, passcode is not provided, private key is provided, application: undefined, client name: snowflake-sdk, client version: 2.2.0, retry timeout: 300, private key path: undefined, private key pass is not provided, client store temporary credential: false, browser response timeout: 120000"}
{"level":"INFO","message":"[10:50:04.363 AM]: Connection[id: 9a61a1ad-396a-4275-8bd3-4de972ea7ef4] - connection object created successfully."}
{"level":"INFO","message":"[10:50:04.363 AM]: Connection[id: 9a61a1ad-396a-4275-8bd3-4de972ea7ef4] - connecting. Associated Snowflake domain: GLOBAL"}
{"level":"INFO","message":"[10:50:04.366 AM]: Connection[id: 9a61a1ad-396a-4275-8bd3-4de972ea7ef4] - authentication successful using: SNOWFLAKE_JWT"}
{"level":"INFO","message":"[10:50:04.366 AM]: Connection[id: 9a61a1ad-396a-4275-8bd3-4de972ea7ef4] - connected successfully after 3.353499999968335 milliseconds"}
{"level":"INFO","message":"[10:50:07.013 AM]: Creating new connection object"}
{"level":"INFO","message":"[10:50:07.014 AM]: Creating Connection[id: 557e1b22-e233-440a-b7c2-4cf20b7df590] with host: A5725842678961-SOFTWAREONE_SANDBOX.snowflakecomputing.com, account: A5725842678961-SOFTWAREONE_SANDBOX, accessUrl: https://A5725842678961-SOFTWAREONE_SANDBOX.snowflakecomputing.com, user: AKMAL_T, role: sysadmin, database: HR_Automation, schema: PUBLIC, warehouse: MY_WH_RIDHO, proxy was not configured, password is not provided, region: undefined, authenticator: SNOWFLAKE_JWT, ocsp mode: FAIL_OPEN, os: win32, os version: 10."}
{"level":"INFO","message":"[10:50:07.014 AM]: Connection[id: 557e1b22-e233-440a-b7c2-4cf20b7df590] additional details: passcode in password is provided, passcode is not provided, private key is provided, application: undefined, client name: snowflake-sdk, client version: 2.2.0, retry timeout: 300, private key path: undefined, private key pass is not provided, client store temporary credential: false, browser response timeout: 120000"}
{"level":"INFO","message":"[10:50:07.014 AM]: Connection[id: 557e1b22-e233-440a-b7c2-4cf20b7df590] - connection object created successfully."}
{"level":"INFO","message":"[10:50:07.015 AM]: Connection[id: 557e1b22-e233-440a-b7c2-4cf20b7df590] - connecting. Associated Snowflake domain: GLOBAL"}
{"level":"INFO","message":"[10:50:07.017 AM]: Connection[id: 557e1b22-e233-440a-b7c2-4cf20b7df590] - authentication successful using: SNOWFLAKE_JWT"}
{"level":"INFO","message":"[10:50:07.017 AM]: Connection[id: 557e1b22-e233-440a-b7c2-4cf20b7df590] - connected successfully after 2.7248999999137595 milliseconds"}
{"level":"INFO","message":"[10:50:07.021 AM]: Creating new connection object"}
{"level":"INFO","message":"[10:50:07.022 AM]: Creating Connection[id: 0b5010e6-1166-47bc-aeea-a081635cd4aa] with host: A5725842678961-SOFTWAREONE_SANDBOX.snowflakecomputing.com, account: A5725842678961-SOFTWAREONE_SANDBOX, accessUrl: https://A5725842678961-SOFTWAREONE_SANDBOX.snowflakecomputing.com, user: AKMAL_T, role: sysadmin, database: HR_Automation, schema: PUBLIC, warehouse: MY_WH_RIDHO, proxy was not configured, password is not provided, region: undefined, authenticator: SNOWFLAKE_JWT, ocsp mode: FAIL_OPEN, os: win32, os version: 10."}
{"level":"INFO","message":"[10:50:07.022 AM]: Connection[id: 0b5010e6-1166-47bc-aeea-a081635cd4aa] additional details: passcode in password is provided, passcode is not provided, private key is provided, application: undefined, client name: snowflake-sdk, client version: 2.2.0, retry timeout: 300, private key path: undefined, private key pass is not provided, client store temporary credential: false, browser response timeout: 120000"}
{"level":"INFO","message":"[10:50:07.022 AM]: Connection[id: 0b5010e6-1166-47bc-aeea-a081635cd4aa] - connection object created successfully."}
{"level":"INFO","message":"[10:50:07.022 AM]: Connection[id: 0b5010e6-1166-47bc-aeea-a081635cd4aa] - connecting. Associated Snowflake domain: GLOBAL"}
{"level":"INFO","message":"[10:50:07.025 AM]: Connection[id: 0b5010e6-1166-47bc-aeea-a081635cd4aa] - authentication successful using: SNOWFLAKE_JWT"}
{"level":"INFO","message":"[10:50:07.026 AM]: Connection[id: 0b5010e6-1166-47bc-aeea-a081635cd4aa] - connected successfully after 3.790400000056252 milliseconds"}
{"level":"INFO","message":"[10:50:07.601 AM]: Creating new connection object"}
{"level":"INFO","message":"[10:50:07.601 AM]: Creating Connection[id: 8eb2dcd9-48ea-459a-99ec-e4f203dd418d] with host: A5725842678961-SOFTWAREONE_SANDBOX.snowflakecomputing.com, account: A5725842678961-SOFTWAREONE_SANDBOX, accessUrl: https://A5725842678961-SOFTWAREONE_SANDBOX.snowflakecomputing.com, user: AKMAL_T, role: sysadmin, database: HR_Automation, schema: PUBLIC, warehouse: MY_WH_RIDHO, proxy was not configured, password is not provided, region: undefined, authenticator: SNOWFLAKE_JWT, ocsp mode: FAIL_OPEN, os: win32, os version: 10."}
{"level":"INFO","message":"[10:50:07.602 AM]: Connection[id: 8eb2dcd9-48ea-459a-99ec-e4f203dd418d] additional details: passcode in password is provided, passcode is not provided, private key is provided, application: undefined, client name: snowflake-sdk, client version: 2.2.0, retry timeout: 300, private key path: undefined, private key pass is not provided, client store temporary credential: false, browser response timeout: 120000"}
{"level":"INFO","message":"[10:50:07.602 AM]: Connection[id: 8eb2dcd9-48ea-459a-99ec-e4f203dd418d] - connection object created successfully."}
{"level":"INFO","message":"[10:50:07.603 AM]: Connection[id: 8eb2dcd9-48ea-459a-99ec-e4f203dd418d] - connecting. Associated Snowflake domain: GLOBAL"}
{"level":"INFO","message":"[10:50:07.605 AM]: Connection[id: 8eb2dcd9-48ea-459a-99ec-e4f203dd418d] - authentication successful using: SNOWFLAKE_JWT"}
{"level":"INFO","message":"[10:50:07.606 AM]: Connection[id: 8eb2dcd9-48ea-459a-99ec-e4f203dd418d] - connected successfully after 3.2052000000840053 milliseconds"}
{"level":"INFO","message":"[10:50:07.612 AM]: Creating new connection object"}
{"level":"INFO","message":"[10:50:07.612 AM]: Creating Connection[id: 60386d37-4b3b-4596-9a8c-131e0396f639] with host: A5725842678961-SOFTWAREONE_SANDBOX.snowflakecomputing.com, account: A5725842678961-SOFTWAREONE_SANDBOX, accessUrl: https://A5725842678961-SOFTWAREONE_SANDBOX.snowflakecomputing.com, user: AKMAL_T, role: sysadmin, database: HR_Automation, schema: PUBLIC, warehouse: MY_WH_RIDHO, proxy was not configured, password is not provided, region: undefined, authenticator: SNOWFLAKE_JWT, ocsp mode: FAIL_OPEN, os: win32, os version: 10."}
{"level":"INFO","message":"[10:50:07.613 AM]: Connection[id: 60386d37-4b3b-4596-9a8c-131e0396f639] additional details: passcode in password is provided, passcode is not provided, private key is provided, application: undefined, client name: snowflake-sdk, client version: 2.2.0, retry timeout: 300, private key path: undefined, private key pass is not provided, client store temporary credential: false, browser response timeout: 120000"}
{"level":"INFO","message":"[10:50:07.613 AM]: Connection[id: 60386d37-4b3b-4596-9a8c-131e0396f639] - connection object created successfully."}
{"level":"INFO","message":"[10:50:07.613 AM]: Connection[id: 60386d37-4b3b-4596-9a8c-131e0396f639] - connecting. Associated Snowflake domain: GLOBAL"}
{"level":"INFO","message":"[10:50:07.616 AM]: Connection[id: 60386d37-4b3b-4596-9a8c-131e0396f639] - authentication successful using: SNOWFLAKE_JWT"}
{"level":"INFO","message":"[10:50:07.617 AM]: Connection[id: 60386d37-4b3b-4596-9a8c-131e0396f639] - connected successfully after 3.379399999976158 milliseconds"}
{"level":"INFO","message":"[10:50:12.646 AM]: Creating new connection object"}
{"level":"INFO","message":"[10:50:12.647 AM]: Creating Connection[id: 6ec13941-7f19-4221-95e4-79c0afa660b7] with host: A5725842678961-SOFTWAREONE_SANDBOX.snowflakecomputing.com, account: A5725842678961-SOFTWAREONE_SANDBOX, accessUrl: https://A5725842678961-SOFTWAREONE_SANDBOX.snowflakecomputing.com, user: AKMAL_T, role: sysadmin, database: HR_Automation, schema: PUBLIC, warehouse: MY_WH_RIDHO, proxy was not configured, password is not provided, region: undefined, authenticator: SNOWFLAKE_JWT, ocsp mode: FAIL_OPEN, os: win32, os version: 10."}
{"level":"INFO","message":"[10:50:12.647 AM]: Connection[id: 6ec13941-7f19-4221-95e4-79c0afa660b7] additional details: passcode in password is provided, passcode is not provided, private key is provided, application: undefined, client name: snowflake-sdk, client version: 2.2.0, retry timeout: 300, private key path: undefined, private key pass is not provided, client store temporary credential: false, browser response timeout: 120000"}
{"level":"INFO","message":"[10:50:12.647 AM]: Connection[id: 6ec13941-7f19-4221-95e4-79c0afa660b7] - connection object created successfully."}
{"level":"INFO","message":"[10:50:12.648 AM]: Connection[id: 6ec13941-7f19-4221-95e4-79c0afa660b7] - connecting. Associated Snowflake domain: GLOBAL"}
{"level":"INFO","message":"[10:50:12.650 AM]: Connection[id: 6ec13941-7f19-4221-95e4-79c0afa660b7] - authentication successful using: SNOWFLAKE_JWT"}
{"level":"INFO","message":"[10:50:12.651 AM]: Connection[id: 6ec13941-7f19-4221-95e4-79c0afa660b7] - connected successfully after 3.4464999999618158 milliseconds"}
{"level":"INFO","message":"[10:56:42.804 AM]: Creating new connection object"}
{"level":"INFO","message":"[10:56:42.815 AM]: Creating Connection[id: 368af3ca-9eaa-451f-b585-2743c2eb40af] with host: A5725842678961-SOFTWAREONE_SANDBOX.snowflakecomputing.com, account: A5725842678961-SOFTWAREONE_SANDBOX, accessUrl: https://A5725842678961-SOFTWAREONE_SANDBOX.snowflakecomputing.com, user: AKMAL_T, role: sysadmin, database: HR_Automation, schema: PUBLIC, warehouse: MY_WH_RIDHO, proxy was not configured, password is not provided, region: undefined, authenticator: SNOWFLAKE_JWT, ocsp mode: FAIL_OPEN, os: win32, os version: 10."}
{"level":"INFO","message":"[10:56:42.816 AM]: Connection[id: 368af3ca-9eaa-451f-b585-2743c2eb40af] additional details: passcode in password is provided, passcode is not provided, private key is provided, application: undefined, client name: snowflake-sdk, client version: 2.2.0, retry timeout: 300, private key path: undefined, private key pass is not provided, client store temporary credential: false, browser response timeout: 120000"}
{"level":"INFO","message":"[10:56:42.817 AM]: Connection[id: 368af3ca-9eaa-451f-b585-2743c2eb40af] - connection object created successfully."}
{"level":"INFO","message":"[10:56:42.818 AM]: Connection[id: 368af3ca-9eaa-451f-b585-2743c2eb40af] - connecting. Associated Snowflake domain: GLOBAL"}
{"level":"INFO","message":"[10:56:42.822 AM]: Connection[id: 368af3ca-9eaa-451f-b585-2743c2eb40af] - authentication successful using: SNOWFLAKE_JWT"}
{"level":"INFO","message":"[10:56:42.822 AM]: Trying to initialize Easy Logging"}
{"level":"INFO","message":"[10:56:42.852 AM]: Creating new connection object"}
{"level":"INFO","message":"[10:56:42.853 AM]: Creating Connection[id: 088e4a6c-172d-4bc3-b2e2-ba7e214efee2] with host: A5725842678961-SOFTWAREONE_SANDBOX.snowflakecomputing.com, account: A5725842678961-SOFTWAREONE_SANDBOX, accessUrl: https://A5725842678961-SOFTWAREONE_SANDBOX.snowflakecomputing.com, user: AKMAL_T, role: sysadmin, database: HR_Automation, schema: PUBLIC, warehouse: MY_WH_RIDHO, proxy was not configured, password is not provided, region: undefined, authenticator: SNOWFLAKE_JWT, ocsp mode: FAIL_OPEN, os: win32, os version: 10."}
{"level":"INFO","message":"[10:56:42.853 AM]: Connection[id: 088e4a6c-172d-4bc3-b2e2-ba7e214efee2] additional details: passcode in password is provided, passcode is not provided, private key is provided, application: undefined, client name: snowflake-sdk, client version: 2.2.0, retry timeout: 300, private key path: undefined, private key pass is not provided, client store temporary credential: false, browser response timeout: 120000"}
{"level":"INFO","message":"[10:56:42.854 AM]: Connection[id: 088e4a6c-172d-4bc3-b2e2-ba7e214efee2] - connection object created successfully."}
{"level":"INFO","message":"[10:56:42.854 AM]: Connection[id: 088e4a6c-172d-4bc3-b2e2-ba7e214efee2] - connecting. Associated Snowflake domain: GLOBAL"}
{"level":"INFO","message":"[10:56:42.857 AM]: Connection[id: 088e4a6c-172d-4bc3-b2e2-ba7e214efee2] - authentication successful using: SNOWFLAKE_JWT"}
{"level":"INFO","message":"[10:56:42.857 AM]: Trying to initialize Easy Logging"}
{"level":"INFO","message":"[10:56:42.858 AM]: No client config detected."}
{"level":"INFO","message":"[10:56:42.859 AM]: No config file path found. Client config will not be used."}
{"level":"INFO","message":"[10:56:42.859 AM]: Easy Logging is disabled as no config has been found"}
{"level":"INFO","message":"[10:56:42.862 AM]: Connection[id: 368af3ca-9eaa-451f-b585-2743c2eb40af] - connected successfully after 44.221300000092015 milliseconds"}
{"level":"INFO","message":"[10:56:42.873 AM]: No client config detected."}
{"level":"INFO","message":"[10:56:42.873 AM]: No config file path found. Client config will not be used."}
{"level":"INFO","message":"[10:56:42.874 AM]: Easy Logging is disabled as no config has been found"}
{"level":"INFO","message":"[10:56:42.875 AM]: Connection[id: 088e4a6c-172d-4bc3-b2e2-ba7e214efee2] - connected successfully after 20.89269999996759 milliseconds"}
{"level":"INFO","message":"[10:56:50.031 AM]: Creating new connection object"}
{"level":"INFO","message":"[10:56:50.032 AM]: Creating Connection[id: 0ba25f94-5589-4d6b-a4ae-64a6126505a3] with host: A5725842678961-SOFTWAREONE_SANDBOX.snowflakecomputing.com, account: A5725842678961-SOFTWAREONE_SANDBOX, accessUrl: https://A5725842678961-SOFTWAREONE_SANDBOX.snowflakecomputing.com, user: AKMAL_T, role: sysadmin, database: HR_Automation, schema: PUBLIC, warehouse: MY_WH_RIDHO, proxy was not configured, password is not provided, region: undefined, authenticator: SNOWFLAKE_JWT, ocsp mode: FAIL_OPEN, os: win32, os version: 10."}
{"level":"INFO","message":"[10:56:50.032 AM]: Connection[id: 0ba25f94-5589-4d6b-a4ae-64a6126505a3] additional details: passcode in password is provided, passcode is not provided, private key is provided, application: undefined, client name: snowflake-sdk, client version: 2.2.0, retry timeout: 300, private key path: undefined, private key pass is not provided, client store temporary credential: false, browser response timeout: 120000"}
{"level":"INFO","message":"[10:56:50.033 AM]: Connection[id: 0ba25f94-5589-4d6b-a4ae-64a6126505a3] - connection object created successfully."}
{"level":"INFO","message":"[10:56:50.033 AM]: Connection[id: 0ba25f94-5589-4d6b-a4ae-64a6126505a3] - connecting. Associated Snowflake domain: GLOBAL"}
{"level":"INFO","message":"[10:56:50.035 AM]: Connection[id: 0ba25f94-5589-4d6b-a4ae-64a6126505a3] - authentication successful using: SNOWFLAKE_JWT"}
{"level":"INFO","message":"[10:56:50.036 AM]: Connection[id: 0ba25f94-5589-4d6b-a4ae-64a6126505a3] - connected successfully after 3.1462000000756234 milliseconds"}
{"level":"INFO","message":"[10:56:50.042 AM]: Creating new connection object"}
{"level":"INFO","message":"[10:56:50.043 AM]: Creating Connection[id: 1ae9f58f-f8fc-4699-9437-f0e153047e2c] with host: A5725842678961-SOFTWAREONE_SANDBOX.snowflakecomputing.com, account: A5725842678961-SOFTWAREONE_SANDBOX, accessUrl: https://A5725842678961-SOFTWAREONE_SANDBOX.snowflakecomputing.com, user: AKMAL_T, role: sysadmin, database: HR_Automation, schema: PUBLIC, warehouse: MY_WH_RIDHO, proxy was not configured, password is not provided, region: undefined, authenticator: SNOWFLAKE_JWT, ocsp mode: FAIL_OPEN, os: win32, os version: 10."}
{"level":"INFO","message":"[10:56:50.043 AM]: Connection[id: 1ae9f58f-f8fc-4699-9437-f0e153047e2c] additional details: passcode in password is provided, passcode is not provided, private key is provided, application: undefined, client name: snowflake-sdk, client version: 2.2.0, retry timeout: 300, private key path: undefined, private key pass is not provided, client store temporary credential: false, browser response timeout: 120000"}
{"level":"INFO","message":"[10:56:50.044 AM]: Connection[id: 1ae9f58f-f8fc-4699-9437-f0e153047e2c] - connection object created successfully."}
{"level":"INFO","message":"[10:56:50.044 AM]: Connection[id: 1ae9f58f-f8fc-4699-9437-f0e153047e2c] - connecting. Associated Snowflake domain: GLOBAL"}
{"level":"INFO","message":"[10:56:50.048 AM]: Connection[id: 1ae9f58f-f8fc-4699-9437-f0e153047e2c] - authentication successful using: SNOWFLAKE_JWT"}
{"level":"INFO","message":"[10:56:50.049 AM]: Connection[id: 1ae9f58f-f8fc-4699-9437-f0e153047e2c] - connected successfully after 4.8833000001031905 milliseconds"}
{"level":"INFO","message":"[10:56:50.848 AM]: Creating new connection object"}
{"level":"INFO","message":"[10:56:50.849 AM]: Creating Connection[id: a0019472-b4c7-4b03-9d64-f7ffa73acead] with host: A5725842678961-SOFTWAREONE_SANDBOX.snowflakecomputing.com, account: A5725842678961-SOFTWAREONE_SANDBOX, accessUrl: https://A5725842678961-SOFTWAREONE_SANDBOX.snowflakecomputing.com, user: AKMAL_T, role: sysadmin, database: HR_Automation, schema: PUBLIC, warehouse: MY_WH_RIDHO, proxy was not configured, password is not provided, region: undefined, authenticator: SNOWFLAKE_JWT, ocsp mode: FAIL_OPEN, os: win32, os version: 10."}
{"level":"INFO","message":"[10:56:50.850 AM]: Connection[id: a0019472-b4c7-4b03-9d64-f7ffa73acead] additional details: passcode in password is provided, passcode is not provided, private key is provided, application: undefined, client name: snowflake-sdk, client version: 2.2.0, retry timeout: 300, private key path: undefined, private key pass is not provided, client store temporary credential: false, browser response timeout: 120000"}
{"level":"INFO","message":"[10:56:50.850 AM]: Connection[id: a0019472-b4c7-4b03-9d64-f7ffa73acead] - connection object created successfully."}
{"level":"INFO","message":"[10:56:50.850 AM]: Connection[id: a0019472-b4c7-4b03-9d64-f7ffa73acead] - connecting. Associated Snowflake domain: GLOBAL"}
{"level":"INFO","message":"[10:56:50.853 AM]: Connection[id: a0019472-b4c7-4b03-9d64-f7ffa73acead] - authentication successful using: SNOWFLAKE_JWT"}
{"level":"INFO","message":"[10:56:50.854 AM]: Connection[id: a0019472-b4c7-4b03-9d64-f7ffa73acead] - connected successfully after 3.388600000180304 milliseconds"}
{"level":"INFO","message":"[10:56:50.859 AM]: Creating new connection object"}
{"level":"INFO","message":"[10:56:50.861 AM]: Creating Connection[id: d761a5d1-f009-4cb1-b368-9ed4b6302265] with host: A5725842678961-SOFTWAREONE_SANDBOX.snowflakecomputing.com, account: A5725842678961-SOFTWAREONE_SANDBOX, accessUrl: https://A5725842678961-SOFTWAREONE_SANDBOX.snowflakecomputing.com, user: AKMAL_T, role: sysadmin, database: HR_Automation, schema: PUBLIC, warehouse: MY_WH_RIDHO, proxy was not configured, password is not provided, region: undefined, authenticator: SNOWFLAKE_JWT, ocsp mode: FAIL_OPEN, os: win32, os version: 10."}
{"level":"INFO","message":"[10:56:50.861 AM]: Connection[id: d761a5d1-f009-4cb1-b368-9ed4b6302265] additional details: passcode in password is provided, passcode is not provided, private key is provided, application: undefined, client name: snowflake-sdk, client version: 2.2.0, retry timeout: 300, private key path: undefined, private key pass is not provided, client store temporary credential: false, browser response timeout: 120000"}
{"level":"INFO","message":"[10:56:50.861 AM]: Connection[id: d761a5d1-f009-4cb1-b368-9ed4b6302265] - connection object created successfully."}
{"level":"INFO","message":"[10:56:50.861 AM]: Connection[id: d761a5d1-f009-4cb1-b368-9ed4b6302265] - connecting. Associated Snowflake domain: GLOBAL"}
{"level":"INFO","message":"[10:56:50.864 AM]: Connection[id: d761a5d1-f009-4cb1-b368-9ed4b6302265] - authentication successful using: SNOWFLAKE_JWT"}
{"level":"INFO","message":"[10:56:50.865 AM]: Connection[id: d761a5d1-f009-4cb1-b368-9ed4b6302265] - connected successfully after 3.4222999999765307 milliseconds"}
{"level":"INFO","message":"[10:56:51.387 AM]: Creating new connection object"}
{"level":"INFO","message":"[10:56:51.388 AM]: Creating Connection[id: c085a565-f67c-4395-9cbf-52dcfb0e9988] with host: A5725842678961-SOFTWAREONE_SANDBOX.snowflakecomputing.com, account: A5725842678961-SOFTWAREONE_SANDBOX, accessUrl: https://A5725842678961-SOFTWAREONE_SANDBOX.snowflakecomputing.com, user: AKMAL_T, role: sysadmin, database: HR_Automation, schema: PUBLIC, warehouse: MY_WH_RIDHO, proxy was not configured, password is not provided, region: undefined, authenticator: SNOWFLAKE_JWT, ocsp mode: FAIL_OPEN, os: win32, os version: 10."}
{"level":"INFO","message":"[10:56:51.388 AM]: Connection[id: c085a565-f67c-4395-9cbf-52dcfb0e9988] additional details: passcode in password is provided, passcode is not provided, private key is provided, application: undefined, client name: snowflake-sdk, client version: 2.2.0, retry timeout: 300, private key path: undefined, private key pass is not provided, client store temporary credential: false, browser response timeout: 120000"}
{"level":"INFO","message":"[10:56:51.388 AM]: Connection[id: c085a565-f67c-4395-9cbf-52dcfb0e9988] - connection object created successfully."}
{"level":"INFO","message":"[10:56:51.389 AM]: Connection[id: c085a565-f67c-4395-9cbf-52dcfb0e9988] - connecting. Associated Snowflake domain: GLOBAL"}
{"level":"INFO","message":"[10:56:51.391 AM]: Connection[id: c085a565-f67c-4395-9cbf-52dcfb0e9988] - authentication successful using: SNOWFLAKE_JWT"}
{"level":"INFO","message":"[10:56:51.392 AM]: Connection[id: c085a565-f67c-4395-9cbf-52dcfb0e9988] - connected successfully after 3.620200000004843 milliseconds"}
{"level":"INFO","message":"[10:56:51.420 AM]: Creating new connection object"}
{"level":"INFO","message":"[10:56:51.421 AM]: Creating Connection[id: 13cd32a6-8320-4d7e-b804-dd3f07a2029f] with host: A5725842678961-SOFTWAREONE_SANDBOX.snowflakecomputing.com, account: A5725842678961-SOFTWAREONE_SANDBOX, accessUrl: https://A5725842678961-SOFTWAREONE_SANDBOX.snowflakecomputing.com, user: AKMAL_T, role: sysadmin, database: HR_Automation, schema: PUBLIC, warehouse: MY_WH_RIDHO, proxy was not configured, password is not provided, region: undefined, authenticator: SNOWFLAKE_JWT, ocsp mode: FAIL_OPEN, os: win32, os version: 10."}
{"level":"INFO","message":"[10:56:51.421 AM]: Connection[id: 13cd32a6-8320-4d7e-b804-dd3f07a2029f] additional details: passcode in password is provided, passcode is not provided, private key is provided, application: undefined, client name: snowflake-sdk, client version: 2.2.0, retry timeout: 300, private key path: undefined, private key pass is not provided, client store temporary credential: false, browser response timeout: 120000"}
{"level":"INFO","message":"[10:56:51.421 AM]: Connection[id: 13cd32a6-8320-4d7e-b804-dd3f07a2029f] - connection object created successfully."}
{"level":"INFO","message":"[10:56:51.422 AM]: Connection[id: 13cd32a6-8320-4d7e-b804-dd3f07a2029f] - connecting. Associated Snowflake domain: GLOBAL"}
{"level":"INFO","message":"[10:56:51.424 AM]: Connection[id: 13cd32a6-8320-4d7e-b804-dd3f07a2029f] - authentication successful using: SNOWFLAKE_JWT"}
{"level":"INFO","message":"[10:56:51.425 AM]: Connection[id: 13cd32a6-8320-4d7e-b804-dd3f07a2029f] - connected successfully after 3.3182999999262393 milliseconds"}
{"level":"INFO","message":"[10:56:51.434 AM]: Creating new connection object"}
{"level":"INFO","message":"[10:56:51.436 AM]: Creating Connection[id: 24e5835c-ca9c-4717-89db-a8cad762e9b2] with host: A5725842678961-SOFTWAREONE_SANDBOX.snowflakecomputing.com, account: A5725842678961-SOFTWAREONE_SANDBOX, accessUrl: https://A5725842678961-SOFTWAREONE_SANDBOX.snowflakecomputing.com, user: AKMAL_T, role: sysadmin, database: HR_Automation, schema: PUBLIC, warehouse: MY_WH_RIDHO, proxy was not configured, password is not provided, region: undefined, authenticator: SNOWFLAKE_JWT, ocsp mode: FAIL_OPEN, os: win32, os version: 10."}
{"level":"INFO","message":"[10:56:51.436 AM]: Connection[id: 24e5835c-ca9c-4717-89db-a8cad762e9b2] additional details: passcode in password is provided, passcode is not provided, private key is provided, application: undefined, client name: snowflake-sdk, client version: 2.2.0, retry timeout: 300, private key path: undefined, private key pass is not provided, client store temporary credential: false, browser response timeout: 120000"}
{"level":"INFO","message":"[10:56:51.437 AM]: Connection[id: 24e5835c-ca9c-4717-89db-a8cad762e9b2] - connection object created successfully."}
{"level":"INFO","message":"[10:56:51.437 AM]: Connection[id: 24e5835c-ca9c-4717-89db-a8cad762e9b2] - connecting. Associated Snowflake domain: GLOBAL"}
{"level":"INFO","message":"[10:56:51.440 AM]: Connection[id: 24e5835c-ca9c-4717-89db-a8cad762e9b2] - authentication successful using: SNOWFLAKE_JWT"}
{"level":"INFO","message":"[10:56:51.442 AM]: Connection[id: 24e5835c-ca9c-4717-89db-a8cad762e9b2] - connected successfully after 4.538599999854341 milliseconds"}
{"level":"INFO","message":"[10:56:51.996 AM]: Creating new connection object"}
{"level":"INFO","message":"[10:56:51.997 AM]: Creating Connection[id: 621048e9-a577-40b4-90af-a8bfcf47a1ac] with host: A5725842678961-SOFTWAREONE_SANDBOX.snowflakecomputing.com, account: A5725842678961-SOFTWAREONE_SANDBOX, accessUrl: https://A5725842678961-SOFTWAREONE_SANDBOX.snowflakecomputing.com, user: AKMAL_T, role: sysadmin, database: HR_Automation, schema: PUBLIC, warehouse: MY_WH_RIDHO, proxy was not configured, password is not provided, region: undefined, authenticator: SNOWFLAKE_JWT, ocsp mode: FAIL_OPEN, os: win32, os version: 10."}
{"level":"INFO","message":"[10:56:51.997 AM]: Connection[id: 621048e9-a577-40b4-90af-a8bfcf47a1ac] additional details: passcode in password is provided, passcode is not provided, private key is provided, application: undefined, client name: snowflake-sdk, client version: 2.2.0, retry timeout: 300, private key path: undefined, private key pass is not provided, client store temporary credential: false, browser response timeout: 120000"}
{"level":"INFO","message":"[10:56:51.998 AM]: Connection[id: 621048e9-a577-40b4-90af-a8bfcf47a1ac] - connection object created successfully."}
{"level":"INFO","message":"[10:56:51.998 AM]: Connection[id: 621048e9-a577-40b4-90af-a8bfcf47a1ac] - connecting. Associated Snowflake domain: GLOBAL"}
{"level":"INFO","message":"[10:56:52.001 AM]: Connection[id: 621048e9-a577-40b4-90af-a8bfcf47a1ac] - authentication successful using: SNOWFLAKE_JWT"}
{"level":"INFO","message":"[10:56:52.002 AM]: Connection[id: 621048e9-a577-40b4-90af-a8bfcf47a1ac] - connected successfully after 4.470500000054017 milliseconds"}
{"level":"INFO","message":"[10:56:52.209 AM]: Creating new connection object"}
{"level":"INFO","message":"[10:56:52.210 AM]: Creating Connection[id: 96d0527e-567a-46b2-a194-bd6cf387c295] with host: A5725842678961-SOFTWAREONE_SANDBOX.snowflakecomputing.com, account: A5725842678961-SOFTWAREONE_SANDBOX, accessUrl: https://A5725842678961-SOFTWAREONE_SANDBOX.snowflakecomputing.com, user: AKMAL_T, role: sysadmin, database: HR_Automation, schema: PUBLIC, warehouse: MY_WH_RIDHO, proxy was not configured, password is not provided, region: undefined, authenticator: SNOWFLAKE_JWT, ocsp mode: FAIL_OPEN, os: win32, os version: 10."}
{"level":"INFO","message":"[10:56:52.210 AM]: Connection[id: 96d0527e-567a-46b2-a194-bd6cf387c295] additional details: passcode in password is provided, passcode is not provided, private key is provided, application: undefined, client name: snowflake-sdk, client version: 2.2.0, retry timeout: 300, private key path: undefined, private key pass is not provided, client store temporary credential: false, browser response timeout: 120000"}
{"level":"INFO","message":"[10:56:52.210 AM]: Connection[id: 96d0527e-567a-46b2-a194-bd6cf387c295] - connection object created successfully."}
{"level":"INFO","message":"[10:56:52.210 AM]: Connection[id: 96d0527e-567a-46b2-a194-bd6cf387c295] - connecting. Associated Snowflake domain: GLOBAL"}
{"level":"INFO","message":"[10:56:52.213 AM]: Connection[id: 96d0527e-567a-46b2-a194-bd6cf387c295] - authentication successful using: SNOWFLAKE_JWT"}
{"level":"INFO","message":"[10:56:52.214 AM]: Connection[id: 96d0527e-567a-46b2-a194-bd6cf387c295] - connected successfully after 3.2631999999284744 milliseconds"}
{"level":"INFO","message":"[10:56:52.632 AM]: Creating new connection object"}
{"level":"INFO","message":"[10:56:52.633 AM]: Creating Connection[id: 9e5a93cc-275b-49e4-861a-34c1944b6cd7] with host: A5725842678961-SOFTWAREONE_SANDBOX.snowflakecomputing.com, account: A5725842678961-SOFTWAREONE_SANDBOX, accessUrl: https://A5725842678961-SOFTWAREONE_SANDBOX.snowflakecomputing.com, user: AKMAL_T, role: sysadmin, database: HR_Automation, schema: PUBLIC, warehouse: MY_WH_RIDHO, proxy was not configured, password is not provided, region: undefined, authenticator: SNOWFLAKE_JWT, ocsp mode: FAIL_OPEN, os: win32, os version: 10."}
{"level":"INFO","message":"[10:56:52.633 AM]: Connection[id: 9e5a93cc-275b-49e4-861a-34c1944b6cd7] additional details: passcode in password is provided, passcode is not provided, private key is provided, application: undefined, client name: snowflake-sdk, client version: 2.2.0, retry timeout: 300, private key path: undefined, private key pass is not provided, client store temporary credential: false, browser response timeout: 120000"}
{"level":"INFO","message":"[10:56:52.634 AM]: Connection[id: 9e5a93cc-275b-49e4-861a-34c1944b6cd7] - connection object created successfully."}
{"level":"INFO","message":"[10:56:52.634 AM]: Connection[id: 9e5a93cc-275b-49e4-861a-34c1944b6cd7] - connecting. Associated Snowflake domain: GLOBAL"}
{"level":"INFO","message":"[10:56:52.637 AM]: Connection[id: 9e5a93cc-275b-49e4-861a-34c1944b6cd7] - authentication successful using: SNOWFLAKE_JWT"}
{"level":"INFO","message":"[10:56:52.638 AM]: Connection[id: 9e5a93cc-275b-49e4-861a-34c1944b6cd7] - connected successfully after 3.627199999988079 milliseconds"}
{"level":"INFO","message":"[10:56:52.658 AM]: Creating new connection object"}
{"level":"INFO","message":"[10:56:52.659 AM]: Creating Connection[id: 6058e618-d675-4d09-8f3d-befe137da0d5] with host: A5725842678961-SOFTWAREONE_SANDBOX.snowflakecomputing.com, account: A5725842678961-SOFTWAREONE_SANDBOX, accessUrl: https://A5725842678961-SOFTWAREONE_SANDBOX.snowflakecomputing.com, user: AKMAL_T, role: sysadmin, database: HR_Automation, schema: PUBLIC, warehouse: MY_WH_RIDHO, proxy was not configured, password is not provided, region: undefined, authenticator: SNOWFLAKE_JWT, ocsp mode: FAIL_OPEN, os: win32, os version: 10."}
{"level":"INFO","message":"[10:56:52.659 AM]: Connection[id: 6058e618-d675-4d09-8f3d-befe137da0d5] additional details: passcode in password is provided, passcode is not provided, private key is provided, application: undefined, client name: snowflake-sdk, client version: 2.2.0, retry timeout: 300, private key path: undefined, private key pass is not provided, client store temporary credential: false, browser response timeout: 120000"}
{"level":"INFO","message":"[10:56:52.659 AM]: Connection[id: 6058e618-d675-4d09-8f3d-befe137da0d5] - connection object created successfully."}
{"level":"INFO","message":"[10:56:52.660 AM]: Connection[id: 6058e618-d675-4d09-8f3d-befe137da0d5] - connecting. Associated Snowflake domain: GLOBAL"}
{"level":"INFO","message":"[10:56:52.662 AM]: Connection[id: 6058e618-d675-4d09-8f3d-befe137da0d5] - authentication successful using: SNOWFLAKE_JWT"}
{"level":"INFO","message":"[10:56:52.664 AM]: Connection[id: 6058e618-d675-4d09-8f3d-befe137da0d5] - connected successfully after 3.8061999999918044 milliseconds"}
{"level":"INFO","message":"[10:56:53.106 AM]: Creating new connection object"}
{"level":"INFO","message":"[10:56:53.107 AM]: Creating Connection[id: 36c9fe30-15ba-449c-be75-449ec21d25d2] with host: A5725842678961-SOFTWAREONE_SANDBOX.snowflakecomputing.com, account: A5725842678961-SOFTWAREONE_SANDBOX, accessUrl: https://A5725842678961-SOFTWAREONE_SANDBOX.snowflakecomputing.com, user: AKMAL_T, role: sysadmin, database: HR_Automation, schema: PUBLIC, warehouse: MY_WH_RIDHO, proxy was not configured, password is not provided, region: undefined, authenticator: SNOWFLAKE_JWT, ocsp mode: FAIL_OPEN, os: win32, os version: 10."}
{"level":"INFO","message":"[10:56:53.107 AM]: Connection[id: 36c9fe30-15ba-449c-be75-449ec21d25d2] additional details: passcode in password is provided, passcode is not provided, private key is provided, application: undefined, client name: snowflake-sdk, client version: 2.2.0, retry timeout: 300, private key path: undefined, private key pass is not provided, client store temporary credential: false, browser response timeout: 120000"}
{"level":"INFO","message":"[10:56:53.108 AM]: Connection[id: 36c9fe30-15ba-449c-be75-449ec21d25d2] - connection object created successfully."}
{"level":"INFO","message":"[10:56:53.108 AM]: Connection[id: 36c9fe30-15ba-449c-be75-449ec21d25d2] - connecting. Associated Snowflake domain: GLOBAL"}
{"level":"INFO","message":"[10:56:53.111 AM]: Connection[id: 36c9fe30-15ba-449c-be75-449ec21d25d2] - authentication successful using: SNOWFLAKE_JWT"}
{"level":"INFO","message":"[10:56:53.112 AM]: Connection[id: 36c9fe30-15ba-449c-be75-449ec21d25d2] - connected successfully after 3.6646999998483807 milliseconds"}
{"level":"INFO","message":"[10:56:53.139 AM]: Creating new connection object"}
{"level":"INFO","message":"[10:56:53.140 AM]: Creating Connection[id: 02587326-e3e7-4da5-b5f1-35e298fd111c] with host: A5725842678961-SOFTWAREONE_SANDBOX.snowflakecomputing.com, account: A5725842678961-SOFTWAREONE_SANDBOX, accessUrl: https://A5725842678961-SOFTWAREONE_SANDBOX.snowflakecomputing.com, user: AKMAL_T, role: sysadmin, database: HR_Automation, schema: PUBLIC, warehouse: MY_WH_RIDHO, proxy was not configured, password is not provided, region: undefined, authenticator: SNOWFLAKE_JWT, ocsp mode: FAIL_OPEN, os: win32, os version: 10."}
{"level":"INFO","message":"[10:56:53.140 AM]: Connection[id: 02587326-e3e7-4da5-b5f1-35e298fd111c] additional details: passcode in password is provided, passcode is not provided, private key is provided, application: undefined, client name: snowflake-sdk, client version: 2.2.0, retry timeout: 300, private key path: undefined, private key pass is not provided, client store temporary credential: false, browser response timeout: 120000"}
{"level":"INFO","message":"[10:56:53.141 AM]: Connection[id: 02587326-e3e7-4da5-b5f1-35e298fd111c] - connection object created successfully."}
{"level":"INFO","message":"[10:56:53.141 AM]: Connection[id: 02587326-e3e7-4da5-b5f1-35e298fd111c] - connecting. Associated Snowflake domain: GLOBAL"}
{"level":"INFO","message":"[10:56:53.144 AM]: Connection[id: 02587326-e3e7-4da5-b5f1-35e298fd111c] - authentication successful using: SNOWFLAKE_JWT"}
{"level":"INFO","message":"[10:56:53.145 AM]: Connection[id: 02587326-e3e7-4da5-b5f1-35e298fd111c] - connected successfully after 3.36089999997057 milliseconds"}
{"level":"INFO","message":"[10:56:53.639 AM]: Creating new connection object"}
{"level":"INFO","message":"[10:56:53.640 AM]: Creating Connection[id: 28565c3e-e8cf-41a7-8a45-61acaae43468] with host: A5725842678961-SOFTWAREONE_SANDBOX.snowflakecomputing.com, account: A5725842678961-SOFTWAREONE_SANDBOX, accessUrl: https://A5725842678961-SOFTWAREONE_SANDBOX.snowflakecomputing.com, user: AKMAL_T, role: sysadmin, database: HR_Automation, schema: PUBLIC, warehouse: MY_WH_RIDHO, proxy was not configured, password is not provided, region: undefined, authenticator: SNOWFLAKE_JWT, ocsp mode: FAIL_OPEN, os: win32, os version: 10."}
{"level":"INFO","message":"[10:56:53.641 AM]: Connection[id: 28565c3e-e8cf-41a7-8a45-61acaae43468] additional details: passcode in password is provided, passcode is not provided, private key is provided, application: undefined, client name: snowflake-sdk, client version: 2.2.0, retry timeout: 300, private key path: undefined, private key pass is not provided, client store temporary credential: false, browser response timeout: 120000"}
{"level":"INFO","message":"[10:56:53.641 AM]: Connection[id: 28565c3e-e8cf-41a7-8a45-61acaae43468] - connection object created successfully."}
{"level":"INFO","message":"[10:56:53.641 AM]: Connection[id: 28565c3e-e8cf-41a7-8a45-61acaae43468] - connecting. Associated Snowflake domain: GLOBAL"}
{"level":"INFO","message":"[10:56:53.644 AM]: Connection[id: 28565c3e-e8cf-41a7-8a45-61acaae43468] - authentication successful using: SNOWFLAKE_JWT"}
{"level":"INFO","message":"[10:56:53.644 AM]: Connection[id: 28565c3e-e8cf-41a7-8a45-61acaae43468] - connected successfully after 3.0890999999828637 milliseconds"}
{"level":"INFO","message":"[10:57:31.751 AM]: Creating new connection object"}
{"level":"INFO","message":"[10:57:31.753 AM]: Creating Connection[id: 57268097-378a-4f87-971b-e07d85af9bbb] with host: A5725842678961-SOFTWAREONE_SANDBOX.snowflakecomputing.com, account: A5725842678961-SOFTWAREONE_SANDBOX, accessUrl: https://A5725842678961-SOFTWAREONE_SANDBOX.snowflakecomputing.com, user: AKMAL_T, role: sysadmin, database: HR_Automation, schema: PUBLIC, warehouse: MY_WH_RIDHO, proxy was not configured, password is not provided, region: undefined, authenticator: SNOWFLAKE_JWT, ocsp mode: FAIL_OPEN, os: win32, os version: 10."}
{"level":"INFO","message":"[10:57:31.754 AM]: Connection[id: 57268097-378a-4f87-971b-e07d85af9bbb] additional details: passcode in password is provided, passcode is not provided, private key is provided, application: undefined, client name: snowflake-sdk, client version: 2.2.0, retry timeout: 300, private key path: undefined, private key pass is not provided, client store temporary credential: false, browser response timeout: 120000"}
{"level":"INFO","message":"[10:57:31.754 AM]: Connection[id: 57268097-378a-4f87-971b-e07d85af9bbb] - connection object created successfully."}
{"level":"INFO","message":"[10:57:31.755 AM]: Connection[id: 57268097-378a-4f87-971b-e07d85af9bbb] - connecting. Associated Snowflake domain: GLOBAL"}
{"level":"INFO","message":"[10:57:31.760 AM]: Connection[id: 57268097-378a-4f87-971b-e07d85af9bbb] - authentication successful using: SNOWFLAKE_JWT"}
{"level":"INFO","message":"[10:57:31.762 AM]: Connection[id: 57268097-378a-4f87-971b-e07d85af9bbb] - connected successfully after 7.117599999997765 milliseconds"}
{"level":"INFO","message":"[10:57:31.829 AM]: Creating new connection object"}
{"level":"INFO","message":"[10:57:31.830 AM]: Creating Connection[id: 10ab4f0e-9269-4215-b5d1-dca70db8a8a6] with host: A5725842678961-SOFTWAREONE_SANDBOX.snowflakecomputing.com, account: A5725842678961-SOFTWAREONE_SANDBOX, accessUrl: https://A5725842678961-SOFTWAREONE_SANDBOX.snowflakecomputing.com, user: AKMAL_T, role: sysadmin, database: HR_Automation, schema: PUBLIC, warehouse: MY_WH_RIDHO, proxy was not configured, password is not provided, region: undefined, authenticator: SNOWFLAKE_JWT, ocsp mode: FAIL_OPEN, os: win32, os version: 10."}
{"level":"INFO","message":"[10:57:31.830 AM]: Connection[id: 10ab4f0e-9269-4215-b5d1-dca70db8a8a6] additional details: passcode in password is provided, passcode is not provided, private key is provided, application: undefined, client name: snowflake-sdk, client version: 2.2.0, retry timeout: 300, private key path: undefined, private key pass is not provided, client store temporary credential: false, browser response timeout: 120000"}
{"level":"INFO","message":"[10:57:31.831 AM]: Connection[id: 10ab4f0e-9269-4215-b5d1-dca70db8a8a6] - connection object created successfully."}
{"level":"INFO","message":"[10:57:31.831 AM]: Connection[id: 10ab4f0e-9269-4215-b5d1-dca70db8a8a6] - connecting. Associated Snowflake domain: GLOBAL"}
{"level":"INFO","message":"[10:57:31.836 AM]: Connection[id: 10ab4f0e-9269-4215-b5d1-dca70db8a8a6] - authentication successful using: SNOWFLAKE_JWT"}
{"level":"INFO","message":"[10:57:31.837 AM]: Connection[id: 10ab4f0e-9269-4215-b5d1-dca70db8a8a6] - connected successfully after 5.716599999926984 milliseconds"}
{"level":"INFO","message":"[10:57:32.297 AM]: Creating new connection object"}
{"level":"INFO","message":"[10:57:32.298 AM]: Creating Connection[id: f737228c-81dd-4fdc-8bee-ceccc8a4faed] with host: A5725842678961-SOFTWAREONE_SANDBOX.snowflakecomputing.com, account: A5725842678961-SOFTWAREONE_SANDBOX, accessUrl: https://A5725842678961-SOFTWAREONE_SANDBOX.snowflakecomputing.com, user: AKMAL_T, role: sysadmin, database: HR_Automation, schema: PUBLIC, warehouse: MY_WH_RIDHO, proxy was not configured, password is not provided, region: undefined, authenticator: SNOWFLAKE_JWT, ocsp mode: FAIL_OPEN, os: win32, os version: 10."}
{"level":"INFO","message":"[10:57:32.299 AM]: Connection[id: f737228c-81dd-4fdc-8bee-ceccc8a4faed] additional details: passcode in password is provided, passcode is not provided, private key is provided, application: undefined, client name: snowflake-sdk, client version: 2.2.0, retry timeout: 300, private key path: undefined, private key pass is not provided, client store temporary credential: false, browser response timeout: 120000"}
{"level":"INFO","message":"[10:57:32.299 AM]: Connection[id: f737228c-81dd-4fdc-8bee-ceccc8a4faed] - connection object created successfully."}
{"level":"INFO","message":"[10:57:32.299 AM]: Connection[id: f737228c-81dd-4fdc-8bee-ceccc8a4faed] - connecting. Associated Snowflake domain: GLOBAL"}
{"level":"INFO","message":"[10:57:32.304 AM]: Connection[id: f737228c-81dd-4fdc-8bee-ceccc8a4faed] - authentication successful using: SNOWFLAKE_JWT"}
{"level":"INFO","message":"[10:57:32.306 AM]: Connection[id: f737228c-81dd-4fdc-8bee-ceccc8a4faed] - connected successfully after 6.8135999999940395 milliseconds"}
{"level":"INFO","message":"[10:57:32.375 AM]: Creating new connection object"}
{"level":"INFO","message":"[10:57:32.377 AM]: Creating Connection[id: 882ddf9b-5de0-4364-ae5b-84dadffc419e] with host: A5725842678961-SOFTWAREONE_SANDBOX.snowflakecomputing.com, account: A5725842678961-SOFTWAREONE_SANDBOX, accessUrl: https://A5725842678961-SOFTWAREONE_SANDBOX.snowflakecomputing.com, user: AKMAL_T, role: sysadmin, database: HR_Automation, schema: PUBLIC, warehouse: MY_WH_RIDHO, proxy was not configured, password is not provided, region: undefined, authenticator: SNOWFLAKE_JWT, ocsp mode: FAIL_OPEN, os: win32, os version: 10."}
{"level":"INFO","message":"[10:57:32.378 AM]: Connection[id: 882ddf9b-5de0-4364-ae5b-84dadffc419e] additional details: passcode in password is provided, passcode is not provided, private key is provided, application: undefined, client name: snowflake-sdk, client version: 2.2.0, retry timeout: 300, private key path: undefined, private key pass is not provided, client store temporary credential: false, browser response timeout: 120000"}
{"level":"INFO","message":"[10:57:32.379 AM]: Connection[id: 882ddf9b-5de0-4364-ae5b-84dadffc419e] - connection object created successfully."}
{"level":"INFO","message":"[10:57:32.379 AM]: Connection[id: 882ddf9b-5de0-4364-ae5b-84dadffc419e] - connecting. Associated Snowflake domain: GLOBAL"}
{"level":"INFO","message":"[10:57:32.385 AM]: Connection[id: 882ddf9b-5de0-4364-ae5b-84dadffc419e] - authentication successful using: SNOWFLAKE_JWT"}
{"level":"INFO","message":"[10:57:32.386 AM]: Connection[id: 882ddf9b-5de0-4364-ae5b-84dadffc419e] - connected successfully after 6.9609000000637025 milliseconds"}
{"level":"INFO","message":"[10:57:32.855 AM]: Creating new connection object"}
{"level":"INFO","message":"[10:57:32.857 AM]: Creating Connection[id: cdeed081-3617-46a9-be77-3ca7f094bbcd] with host: A5725842678961-SOFTWAREONE_SANDBOX.snowflakecomputing.com, account: A5725842678961-SOFTWAREONE_SANDBOX, accessUrl: https://A5725842678961-SOFTWAREONE_SANDBOX.snowflakecomputing.com, user: AKMAL_T, role: sysadmin, database: HR_Automation, schema: PUBLIC, warehouse: MY_WH_RIDHO, proxy was not configured, password is not provided, region: undefined, authenticator: SNOWFLAKE_JWT, ocsp mode: FAIL_OPEN, os: win32, os version: 10."}
{"level":"INFO","message":"[10:57:32.857 AM]: Connection[id: cdeed081-3617-46a9-be77-3ca7f094bbcd] additional details: passcode in password is provided, passcode is not provided, private key is provided, application: undefined, client name: snowflake-sdk, client version: 2.2.0, retry timeout: 300, private key path: undefined, private key pass is not provided, client store temporary credential: false, browser response timeout: 120000"}
{"level":"INFO","message":"[10:57:32.857 AM]: Connection[id: cdeed081-3617-46a9-be77-3ca7f094bbcd] - connection object created successfully."}
{"level":"INFO","message":"[10:57:32.858 AM]: Connection[id: cdeed081-3617-46a9-be77-3ca7f094bbcd] - connecting. Associated Snowflake domain: GLOBAL"}
{"level":"INFO","message":"[10:57:32.861 AM]: Connection[id: cdeed081-3617-46a9-be77-3ca7f094bbcd] - authentication successful using: SNOWFLAKE_JWT"}
{"level":"INFO","message":"[10:57:32.862 AM]: Connection[id: cdeed081-3617-46a9-be77-3ca7f094bbcd] - connected successfully after 4.209400000050664 milliseconds"}
{"level":"INFO","message":"[10:57:46.039 AM]: Creating new connection object"}
{"level":"INFO","message":"[10:57:46.040 AM]: Creating Connection[id: 55b89249-b79c-4c96-9447-4bdbb7ab2b1c] with host: A5725842678961-SOFTWAREONE_SANDBOX.snowflakecomputing.com, account: A5725842678961-SOFTWAREONE_SANDBOX, accessUrl: https://A5725842678961-SOFTWAREONE_SANDBOX.snowflakecomputing.com, user: AKMAL_T, role: sysadmin, database: HR_Automation, schema: PUBLIC, warehouse: MY_WH_RIDHO, proxy was not configured, password is not provided, region: undefined, authenticator: SNOWFLAKE_JWT, ocsp mode: FAIL_OPEN, os: win32, os version: 10."}
{"level":"INFO","message":"[10:57:46.041 AM]: Connection[id: 55b89249-b79c-4c96-9447-4bdbb7ab2b1c] additional details: passcode in password is provided, passcode is not provided, private key is provided, application: undefined, client name: snowflake-sdk, client version: 2.2.0, retry timeout: 300, private key path: undefined, private key pass is not provided, client store temporary credential: false, browser response timeout: 120000"}
{"level":"INFO","message":"[10:57:46.041 AM]: Connection[id: 55b89249-b79c-4c96-9447-4bdbb7ab2b1c] - connection object created successfully."}
{"level":"INFO","message":"[10:57:46.041 AM]: Connection[id: 55b89249-b79c-4c96-9447-4bdbb7ab2b1c] - connecting. Associated Snowflake domain: GLOBAL"}
{"level":"INFO","message":"[10:57:46.045 AM]: Connection[id: 55b89249-b79c-4c96-9447-4bdbb7ab2b1c] - authentication successful using: SNOWFLAKE_JWT"}
{"level":"INFO","message":"[10:57:46.047 AM]: Connection[id: 55b89249-b79c-4c96-9447-4bdbb7ab2b1c] - connected successfully after 5.696599999908358 milliseconds"}
{"level":"INFO","message":"[10:57:46.071 AM]: Creating new connection object"}
{"level":"INFO","message":"[10:57:46.072 AM]: Creating Connection[id: 69e9456e-a7da-4c4a-86bd-fce6eac68dfc] with host: A5725842678961-SOFTWAREONE_SANDBOX.snowflakecomputing.com, account: A5725842678961-SOFTWAREONE_SANDBOX, accessUrl: https://A5725842678961-SOFTWAREONE_SANDBOX.snowflakecomputing.com, user: AKMAL_T, role: sysadmin, database: HR_Automation, schema: PUBLIC, warehouse: MY_WH_RIDHO, proxy was not configured, password is not provided, region: undefined, authenticator: SNOWFLAKE_JWT, ocsp mode: FAIL_OPEN, os: win32, os version: 10."}
{"level":"INFO","message":"[10:57:46.073 AM]: Connection[id: 69e9456e-a7da-4c4a-86bd-fce6eac68dfc] additional details: passcode in password is provided, passcode is not provided, private key is provided, application: undefined, client name: snowflake-sdk, client version: 2.2.0, retry timeout: 300, private key path: undefined, private key pass is not provided, client store temporary credential: false, browser response timeout: 120000"}
{"level":"INFO","message":"[10:57:46.073 AM]: Connection[id: 69e9456e-a7da-4c4a-86bd-fce6eac68dfc] - connection object created successfully."}
{"level":"INFO","message":"[10:57:46.074 AM]: Connection[id: 69e9456e-a7da-4c4a-86bd-fce6eac68dfc] - connecting. Associated Snowflake domain: GLOBAL"}
{"level":"INFO","message":"[10:57:46.078 AM]: Connection[id: 69e9456e-a7da-4c4a-86bd-fce6eac68dfc] - authentication successful using: SNOWFLAKE_JWT"}
{"level":"INFO","message":"[10:57:46.080 AM]: Connection[id: 69e9456e-a7da-4c4a-86bd-fce6eac68dfc] - connected successfully after 6.5467000000644475 milliseconds"}
{"level":"INFO","message":"[10:57:46.552 AM]: Creating new connection object"}
{"level":"INFO","message":"[10:57:46.554 AM]: Creating Connection[id: 8b1b830a-bef4-49bb-9660-1bba7a161d3e] with host: A5725842678961-SOFTWAREONE_SANDBOX.snowflakecomputing.com, account: A5725842678961-SOFTWAREONE_SANDBOX, accessUrl: https://A5725842678961-SOFTWAREONE_SANDBOX.snowflakecomputing.com, user: AKMAL_T, role: sysadmin, database: HR_Automation, schema: PUBLIC, warehouse: MY_WH_RIDHO, proxy was not configured, password is not provided, region: undefined, authenticator: SNOWFLAKE_JWT, ocsp mode: FAIL_OPEN, os: win32, os version: 10."}
{"level":"INFO","message":"[10:57:46.554 AM]: Connection[id: 8b1b830a-bef4-49bb-9660-1bba7a161d3e] additional details: passcode in password is provided, passcode is not provided, private key is provided, application: undefined, client name: snowflake-sdk, client version: 2.2.0, retry timeout: 300, private key path: undefined, private key pass is not provided, client store temporary credential: false, browser response timeout: 120000"}
{"level":"INFO","message":"[10:57:46.555 AM]: Connection[id: 8b1b830a-bef4-49bb-9660-1bba7a161d3e] - connection object created successfully."}
{"level":"INFO","message":"[10:57:46.555 AM]: Connection[id: 8b1b830a-bef4-49bb-9660-1bba7a161d3e] - connecting. Associated Snowflake domain: GLOBAL"}
{"level":"INFO","message":"[10:57:46.557 AM]: Connection[id: 8b1b830a-bef4-49bb-9660-1bba7a161d3e] - authentication successful using: SNOWFLAKE_JWT"}
{"level":"INFO","message":"[10:57:46.558 AM]: Connection[id: 8b1b830a-bef4-49bb-9660-1bba7a161d3e] - connected successfully after 3.322399999946356 milliseconds"}
{"level":"INFO","message":"[10:57:46.597 AM]: Creating new connection object"}
{"level":"INFO","message":"[10:57:46.597 AM]: Creating Connection[id: 60d8ee32-95ad-401c-b2a2-cba4a63a4673] with host: A5725842678961-SOFTWAREONE_SANDBOX.snowflakecomputing.com, account: A5725842678961-SOFTWAREONE_SANDBOX, accessUrl: https://A5725842678961-SOFTWAREONE_SANDBOX.snowflakecomputing.com, user: AKMAL_T, role: sysadmin, database: HR_Automation, schema: PUBLIC, warehouse: MY_WH_RIDHO, proxy was not configured, password is not provided, region: undefined, authenticator: SNOWFLAKE_JWT, ocsp mode: FAIL_OPEN, os: win32, os version: 10."}
{"level":"INFO","message":"[10:57:46.598 AM]: Connection[id: 60d8ee32-95ad-401c-b2a2-cba4a63a4673] additional details: passcode in password is provided, passcode is not provided, private key is provided, application: undefined, client name: snowflake-sdk, client version: 2.2.0, retry timeout: 300, private key path: undefined, private key pass is not provided, client store temporary credential: false, browser response timeout: 120000"}
{"level":"INFO","message":"[10:57:46.598 AM]: Connection[id: 60d8ee32-95ad-401c-b2a2-cba4a63a4673] - connection object created successfully."}
{"level":"INFO","message":"[10:57:46.598 AM]: Connection[id: 60d8ee32-95ad-401c-b2a2-cba4a63a4673] - connecting. Associated Snowflake domain: GLOBAL"}
{"level":"INFO","message":"[10:57:46.600 AM]: Connection[id: 60d8ee32-95ad-401c-b2a2-cba4a63a4673] - authentication successful using: SNOWFLAKE_JWT"}
{"level":"INFO","message":"[10:57:46.601 AM]: Connection[id: 60d8ee32-95ad-401c-b2a2-cba4a63a4673] - connected successfully after 2.8503999998793006 milliseconds"}
{"level":"INFO","message":"[10:57:55.622 AM]: Creating new connection object"}
{"level":"INFO","message":"[10:57:55.632 AM]: Creating Connection[id: e1080ae5-a5bd-4852-891a-29662d2f872a] with host: A5725842678961-SOFTWAREONE_SANDBOX.snowflakecomputing.com, account: A5725842678961-SOFTWAREONE_SANDBOX, accessUrl: https://A5725842678961-SOFTWAREONE_SANDBOX.snowflakecomputing.com, user: AKMAL_T, role: sysadmin, database: HR_Automation, schema: PUBLIC, warehouse: MY_WH_RIDHO, proxy was not configured, password is not provided, region: undefined, authenticator: SNOWFLAKE_JWT, ocsp mode: FAIL_OPEN, os: win32, os version: 10."}
{"level":"INFO","message":"[10:57:55.633 AM]: Connection[id: e1080ae5-a5bd-4852-891a-29662d2f872a] additional details: passcode in password is provided, passcode is not provided, private key is provided, application: undefined, client name: snowflake-sdk, client version: 2.2.0, retry timeout: 300, private key path: undefined, private key pass is not provided, client store temporary credential: false, browser response timeout: 120000"}
{"level":"INFO","message":"[10:57:55.634 AM]: Connection[id: e1080ae5-a5bd-4852-891a-29662d2f872a] - connection object created successfully."}
{"level":"INFO","message":"[10:57:55.635 AM]: Connection[id: e1080ae5-a5bd-4852-891a-29662d2f872a] - connecting. Associated Snowflake domain: GLOBAL"}
{"level":"INFO","message":"[10:57:55.640 AM]: Connection[id: e1080ae5-a5bd-4852-891a-29662d2f872a] - authentication successful using: SNOWFLAKE_JWT"}
{"level":"INFO","message":"[10:57:55.640 AM]: Trying to initialize Easy Logging"}
{"level":"INFO","message":"[10:57:55.651 AM]: No client config detected."}
{"level":"INFO","message":"[10:57:55.651 AM]: No config file path found. Client config will not be used."}
{"level":"INFO","message":"[10:57:55.653 AM]: Easy Logging is disabled as no config has been found"}
{"level":"INFO","message":"[10:57:55.662 AM]: Connection[id: e1080ae5-a5bd-4852-891a-29662d2f872a] - connected successfully after 27.246500000000196 milliseconds"}
{"level":"INFO","message":"[10:57:56.455 AM]: Creating new connection object"}
{"level":"INFO","message":"[10:57:56.456 AM]: Creating Connection[id: 48a92e93-2145-40e4-9671-4a9b549a1094] with host: A5725842678961-SOFTWAREONE_SANDBOX.snowflakecomputing.com, account: A5725842678961-SOFTWAREONE_SANDBOX, accessUrl: https://A5725842678961-SOFTWAREONE_SANDBOX.snowflakecomputing.com, user: AKMAL_T, role: sysadmin, database: HR_Automation, schema: PUBLIC, warehouse: MY_WH_RIDHO, proxy was not configured, password is not provided, region: undefined, authenticator: SNOWFLAKE_JWT, ocsp mode: FAIL_OPEN, os: win32, os version: 10."}
{"level":"INFO","message":"[10:57:56.456 AM]: Connection[id: 48a92e93-2145-40e4-9671-4a9b549a1094] additional details: passcode in password is provided, passcode is not provided, private key is provided, application: undefined, client name: snowflake-sdk, client version: 2.2.0, retry timeout: 300, private key path: undefined, private key pass is not provided, client store temporary credential: false, browser response timeout: 120000"}
{"level":"INFO","message":"[10:57:56.457 AM]: Connection[id: 48a92e93-2145-40e4-9671-4a9b549a1094] - connection object created successfully."}
{"level":"INFO","message":"[10:57:56.457 AM]: Connection[id: 48a92e93-2145-40e4-9671-4a9b549a1094] - connecting. Associated Snowflake domain: GLOBAL"}
{"level":"INFO","message":"[10:57:56.460 AM]: Connection[id: 48a92e93-2145-40e4-9671-4a9b549a1094] - authentication successful using: SNOWFLAKE_JWT"}
{"level":"INFO","message":"[10:57:56.462 AM]: Connection[id: 48a92e93-2145-40e4-9671-4a9b549a1094] - connected successfully after 4.931300000000192 milliseconds"}
{"level":"INFO","message":"[10:57:57.193 AM]: Creating new connection object"}
{"level":"INFO","message":"[10:57:57.194 AM]: Creating Connection[id: e3f6f2db-a250-4560-bf52-761e608497ff] with host: A5725842678961-SOFTWAREONE_SANDBOX.snowflakecomputing.com, account: A5725842678961-SOFTWAREONE_SANDBOX, accessUrl: https://A5725842678961-SOFTWAREONE_SANDBOX.snowflakecomputing.com, user: AKMAL_T, role: sysadmin, database: HR_Automation, schema: PUBLIC, warehouse: MY_WH_RIDHO, proxy was not configured, password is not provided, region: undefined, authenticator: SNOWFLAKE_JWT, ocsp mode: FAIL_OPEN, os: win32, os version: 10."}
{"level":"INFO","message":"[10:57:57.195 AM]: Connection[id: e3f6f2db-a250-4560-bf52-761e608497ff] additional details: passcode in password is provided, passcode is not provided, private key is provided, application: undefined, client name: snowflake-sdk, client version: 2.2.0, retry timeout: 300, private key path: undefined, private key pass is not provided, client store temporary credential: false, browser response timeout: 120000"}
{"level":"INFO","message":"[10:57:57.195 AM]: Connection[id: e3f6f2db-a250-4560-bf52-761e608497ff] - connection object created successfully."}
{"level":"INFO","message":"[10:57:57.196 AM]: Connection[id: e3f6f2db-a250-4560-bf52-761e608497ff] - connecting. Associated Snowflake domain: GLOBAL"}
{"level":"INFO","message":"[10:57:57.198 AM]: Connection[id: e3f6f2db-a250-4560-bf52-761e608497ff] - authentication successful using: SNOWFLAKE_JWT"}
{"level":"INFO","message":"[10:57:57.200 AM]: Connection[id: e3f6f2db-a250-4560-bf52-761e608497ff] - connected successfully after 4.009400000000824 milliseconds"}
{"level":"INFO","message":"[10:57:57.822 AM]: Creating new connection object"}
{"level":"INFO","message":"[10:57:57.824 AM]: Creating Connection[id: 9c787987-6ce0-4d9d-a3f5-39db85d4e88e] with host: A5725842678961-SOFTWAREONE_SANDBOX.snowflakecomputing.com, account: A5725842678961-SOFTWAREONE_SANDBOX, accessUrl: https://A5725842678961-SOFTWAREONE_SANDBOX.snowflakecomputing.com, user: AKMAL_T, role: sysadmin, database: HR_Automation, schema: PUBLIC, warehouse: MY_WH_RIDHO, proxy was not configured, password is not provided, region: undefined, authenticator: SNOWFLAKE_JWT, ocsp mode: FAIL_OPEN, os: win32, os version: 10."}
{"level":"INFO","message":"[10:57:57.824 AM]: Connection[id: 9c787987-6ce0-4d9d-a3f5-39db85d4e88e] additional details: passcode in password is provided, passcode is not provided, private key is provided, application: undefined, client name: snowflake-sdk, client version: 2.2.0, retry timeout: 300, private key path: undefined, private key pass is not provided, client store temporary credential: false, browser response timeout: 120000"}
{"level":"INFO","message":"[10:57:57.825 AM]: Connection[id: 9c787987-6ce0-4d9d-a3f5-39db85d4e88e] - connection object created successfully."}
{"level":"INFO","message":"[10:57:57.825 AM]: Connection[id: 9c787987-6ce0-4d9d-a3f5-39db85d4e88e] - connecting. Associated Snowflake domain: GLOBAL"}
{"level":"INFO","message":"[10:57:57.828 AM]: Connection[id: 9c787987-6ce0-4d9d-a3f5-39db85d4e88e] - authentication successful using: SNOWFLAKE_JWT"}
{"level":"INFO","message":"[10:57:57.829 AM]: Connection[id: 9c787987-6ce0-4d9d-a3f5-39db85d4e88e] - connected successfully after 4.156499999999141 milliseconds"}
{"level":"INFO","message":"[10:57:58.546 AM]: Creating new connection object"}
{"level":"INFO","message":"[10:57:58.547 AM]: Creating Connection[id: 8b1c2f64-cf8b-4516-bb19-767a3554257d] with host: A5725842678961-SOFTWAREONE_SANDBOX.snowflakecomputing.com, account: A5725842678961-SOFTWAREONE_SANDBOX, accessUrl: https://A5725842678961-SOFTWAREONE_SANDBOX.snowflakecomputing.com, user: AKMAL_T, role: sysadmin, database: HR_Automation, schema: PUBLIC, warehouse: MY_WH_RIDHO, proxy was not configured, password is not provided, region: undefined, authenticator: SNOWFLAKE_JWT, ocsp mode: FAIL_OPEN, os: win32, os version: 10."}
{"level":"INFO","message":"[10:57:58.548 AM]: Connection[id: 8b1c2f64-cf8b-4516-bb19-767a3554257d] additional details: passcode in password is provided, passcode is not provided, private key is provided, application: undefined, client name: snowflake-sdk, client version: 2.2.0, retry timeout: 300, private key path: undefined, private key pass is not provided, client store temporary credential: false, browser response timeout: 120000"}
{"level":"INFO","message":"[10:57:58.548 AM]: Connection[id: 8b1c2f64-cf8b-4516-bb19-767a3554257d] - connection object created successfully."}
{"level":"INFO","message":"[10:57:58.548 AM]: Connection[id: 8b1c2f64-cf8b-4516-bb19-767a3554257d] - connecting. Associated Snowflake domain: GLOBAL"}
{"level":"INFO","message":"[10:57:58.551 AM]: Connection[id: 8b1c2f64-cf8b-4516-bb19-767a3554257d] - authentication successful using: SNOWFLAKE_JWT"}
{"level":"INFO","message":"[10:57:58.552 AM]: Connection[id: 8b1c2f64-cf8b-4516-bb19-767a3554257d] - connected successfully after 3.5372999999999593 milliseconds"}
{"level":"INFO","message":"[10:57:59.060 AM]: Creating new connection object"}
{"level":"INFO","message":"[10:57:59.061 AM]: Creating Connection[id: 016abe4e-c68b-49f7-b4b2-7966f5503df2] with host: A5725842678961-SOFTWAREONE_SANDBOX.snowflakecomputing.com, account: A5725842678961-SOFTWAREONE_SANDBOX, accessUrl: https://A5725842678961-SOFTWAREONE_SANDBOX.snowflakecomputing.com, user: AKMAL_T, role: sysadmin, database: HR_Automation, schema: PUBLIC, warehouse: MY_WH_RIDHO, proxy was not configured, password is not provided, region: undefined, authenticator: SNOWFLAKE_JWT, ocsp mode: FAIL_OPEN, os: win32, os version: 10."}
{"level":"INFO","message":"[10:57:59.061 AM]: Connection[id: 016abe4e-c68b-49f7-b4b2-7966f5503df2] additional details: passcode in password is provided, passcode is not provided, private key is provided, application: undefined, client name: snowflake-sdk, client version: 2.2.0, retry timeout: 300, private key path: undefined, private key pass is not provided, client store temporary credential: false, browser response timeout: 120000"}
{"level":"INFO","message":"[10:57:59.061 AM]: Connection[id: 016abe4e-c68b-49f7-b4b2-7966f5503df2] - connection object created successfully."}
{"level":"INFO","message":"[10:57:59.062 AM]: Connection[id: 016abe4e-c68b-49f7-b4b2-7966f5503df2] - connecting. Associated Snowflake domain: GLOBAL"}
{"level":"INFO","message":"[10:57:59.064 AM]: Connection[id: 016abe4e-c68b-49f7-b4b2-7966f5503df2] - authentication successful using: SNOWFLAKE_JWT"}
{"level":"INFO","message":"[10:57:59.066 AM]: Connection[id: 016abe4e-c68b-49f7-b4b2-7966f5503df2] - connected successfully after 3.9717000000000553 milliseconds"}
{"level":"INFO","message":"[10:58:02.297 AM]: Creating new connection object"}
{"level":"INFO","message":"[10:58:02.298 AM]: Creating Connection[id: f9dea62f-de6d-4a45-800b-fcc691bc420e] with host: A5725842678961-SOFTWAREONE_SANDBOX.snowflakecomputing.com, account: A5725842678961-SOFTWAREONE_SANDBOX, accessUrl: https://A5725842678961-SOFTWAREONE_SANDBOX.snowflakecomputing.com, user: AKMAL_T, role: sysadmin, database: HR_Automation, schema: PUBLIC, warehouse: MY_WH_RIDHO, proxy was not configured, password is not provided, region: undefined, authenticator: SNOWFLAKE_JWT, ocsp mode: FAIL_OPEN, os: win32, os version: 10."}
{"level":"INFO","message":"[10:58:02.299 AM]: Connection[id: f9dea62f-de6d-4a45-800b-fcc691bc420e] additional details: passcode in password is provided, passcode is not provided, private key is provided, application: undefined, client name: snowflake-sdk, client version: 2.2.0, retry timeout: 300, private key path: undefined, private key pass is not provided, client store temporary credential: false, browser response timeout: 120000"}
{"level":"INFO","message":"[10:58:02.299 AM]: Connection[id: f9dea62f-de6d-4a45-800b-fcc691bc420e] - connection object created successfully."}
{"level":"INFO","message":"[10:58:02.299 AM]: Connection[id: f9dea62f-de6d-4a45-800b-fcc691bc420e] - connecting. Associated Snowflake domain: GLOBAL"}
{"level":"INFO","message":"[10:58:02.302 AM]: Connection[id: f9dea62f-de6d-4a45-800b-fcc691bc420e] - authentication successful using: SNOWFLAKE_JWT"}
{"level":"INFO","message":"[10:58:02.303 AM]: Connection[id: f9dea62f-de6d-4a45-800b-fcc691bc420e] - connected successfully after 3.6792999999997846 milliseconds"}
{"level":"INFO","message":"[10:58:02.314 AM]: Creating new connection object"}
{"level":"INFO","message":"[10:58:02.315 AM]: Creating Connection[id: a136c847-47a2-49a1-8cbf-7ce1a2274fb2] with host: A5725842678961-SOFTWAREONE_SANDBOX.snowflakecomputing.com, account: A5725842678961-SOFTWAREONE_SANDBOX, accessUrl: https://A5725842678961-SOFTWAREONE_SANDBOX.snowflakecomputing.com, user: AKMAL_T, role: sysadmin, database: HR_Automation, schema: PUBLIC, warehouse: MY_WH_RIDHO, proxy was not configured, password is not provided, region: undefined, authenticator: SNOWFLAKE_JWT, ocsp mode: FAIL_OPEN, os: win32, os version: 10."}
{"level":"INFO","message":"[10:58:02.316 AM]: Connection[id: a136c847-47a2-49a1-8cbf-7ce1a2274fb2] additional details: passcode in password is provided, passcode is not provided, private key is provided, application: undefined, client name: snowflake-sdk, client version: 2.2.0, retry timeout: 300, private key path: undefined, private key pass is not provided, client store temporary credential: false, browser response timeout: 120000"}
{"level":"INFO","message":"[10:58:02.316 AM]: Connection[id: a136c847-47a2-49a1-8cbf-7ce1a2274fb2] - connection object created successfully."}
{"level":"INFO","message":"[10:58:02.317 AM]: Connection[id: a136c847-47a2-49a1-8cbf-7ce1a2274fb2] - connecting. Associated Snowflake domain: GLOBAL"}
{"level":"INFO","message":"[10:58:02.322 AM]: Connection[id: a136c847-47a2-49a1-8cbf-7ce1a2274fb2] - authentication successful using: SNOWFLAKE_JWT"}
{"level":"INFO","message":"[10:58:02.323 AM]: Connection[id: a136c847-47a2-49a1-8cbf-7ce1a2274fb2] - connected successfully after 6.235800000000381 milliseconds"}
{"level":"INFO","message":"[10:58:02.328 AM]: Creating new connection object"}
{"level":"INFO","message":"[10:58:02.330 AM]: Creating Connection[id: 9b9cec41-3357-494e-9eee-812b6eba0172] with host: A5725842678961-SOFTWAREONE_SANDBOX.snowflakecomputing.com, account: A5725842678961-SOFTWAREONE_SANDBOX, accessUrl: https://A5725842678961-SOFTWAREONE_SANDBOX.snowflakecomputing.com, user: AKMAL_T, role: sysadmin, database: HR_Automation, schema: PUBLIC, warehouse: MY_WH_RIDHO, proxy was not configured, password is not provided, region: undefined, authenticator: SNOWFLAKE_JWT, ocsp mode: FAIL_OPEN, os: win32, os version: 10."}
{"level":"INFO","message":"[10:58:02.331 AM]: Connection[id: 9b9cec41-3357-494e-9eee-812b6eba0172] additional details: passcode in password is provided, passcode is not provided, private key is provided, application: undefined, client name: snowflake-sdk, client version: 2.2.0, retry timeout: 300, private key path: undefined, private key pass is not provided, client store temporary credential: false, browser response timeout: 120000"}
{"level":"INFO","message":"[10:58:02.331 AM]: Connection[id: 9b9cec41-3357-494e-9eee-812b6eba0172] - connection object created successfully."}
{"level":"INFO","message":"[10:58:02.331 AM]: Connection[id: 9b9cec41-3357-494e-9eee-812b6eba0172] - connecting. Associated Snowflake domain: GLOBAL"}
{"level":"INFO","message":"[10:58:02.334 AM]: Connection[id: 9b9cec41-3357-494e-9eee-812b6eba0172] - authentication successful using: SNOWFLAKE_JWT"}
{"level":"INFO","message":"[10:58:02.335 AM]: Connection[id: 9b9cec41-3357-494e-9eee-812b6eba0172] - connected successfully after 3.8592999999982567 milliseconds"}
{"level":"INFO","message":"[10:58:02.781 AM]: Creating new connection object"}
{"level":"INFO","message":"[10:58:02.783 AM]: Creating Connection[id: f5558aa0-c71d-4908-a0ac-84f5eefde157] with host: A5725842678961-SOFTWAREONE_SANDBOX.snowflakecomputing.com, account: A5725842678961-SOFTWAREONE_SANDBOX, accessUrl: https://A5725842678961-SOFTWAREONE_SANDBOX.snowflakecomputing.com, user: AKMAL_T, role: sysadmin, database: HR_Automation, schema: PUBLIC, warehouse: MY_WH_RIDHO, proxy was not configured, password is not provided, region: undefined, authenticator: SNOWFLAKE_JWT, ocsp mode: FAIL_OPEN, os: win32, os version: 10."}
{"level":"INFO","message":"[10:58:02.783 AM]: Connection[id: f5558aa0-c71d-4908-a0ac-84f5eefde157] additional details: passcode in password is provided, passcode is not provided, private key is provided, application: undefined, client name: snowflake-sdk, client version: 2.2.0, retry timeout: 300, private key path: undefined, private key pass is not provided, client store temporary credential: false, browser response timeout: 120000"}
{"level":"INFO","message":"[10:58:02.783 AM]: Connection[id: f5558aa0-c71d-4908-a0ac-84f5eefde157] - connection object created successfully."}
{"level":"INFO","message":"[10:58:02.784 AM]: Connection[id: f5558aa0-c71d-4908-a0ac-84f5eefde157] - connecting. Associated Snowflake domain: GLOBAL"}
{"level":"INFO","message":"[10:58:02.786 AM]: Connection[id: f5558aa0-c71d-4908-a0ac-84f5eefde157] - authentication successful using: SNOWFLAKE_JWT"}
{"level":"INFO","message":"[10:58:02.787 AM]: Connection[id: f5558aa0-c71d-4908-a0ac-84f5eefde157] - connected successfully after 3.7049000000006345 milliseconds"}
{"level":"INFO","message":"[10:58:02.863 AM]: Creating new connection object"}
{"level":"INFO","message":"[10:58:02.864 AM]: Creating Connection[id: bab693be-d0e6-4b53-b9d6-22852b0a29e2] with host: A5725842678961-SOFTWAREONE_SANDBOX.snowflakecomputing.com, account: A5725842678961-SOFTWAREONE_SANDBOX, accessUrl: https://A5725842678961-SOFTWAREONE_SANDBOX.snowflakecomputing.com, user: AKMAL_T, role: sysadmin, database: HR_Automation, schema: PUBLIC, warehouse: MY_WH_RIDHO, proxy was not configured, password is not provided, region: undefined, authenticator: SNOWFLAKE_JWT, ocsp mode: FAIL_OPEN, os: win32, os version: 10."}
{"level":"INFO","message":"[10:58:02.864 AM]: Connection[id: bab693be-d0e6-4b53-b9d6-22852b0a29e2] additional details: passcode in password is provided, passcode is not provided, private key is provided, application: undefined, client name: snowflake-sdk, client version: 2.2.0, retry timeout: 300, private key path: undefined, private key pass is not provided, client store temporary credential: false, browser response timeout: 120000"}
{"level":"INFO","message":"[10:58:02.865 AM]: Connection[id: bab693be-d0e6-4b53-b9d6-22852b0a29e2] - connection object created successfully."}
{"level":"INFO","message":"[10:58:02.865 AM]: Connection[id: bab693be-d0e6-4b53-b9d6-22852b0a29e2] - connecting. Associated Snowflake domain: GLOBAL"}
{"level":"INFO","message":"[10:58:02.868 AM]: Connection[id: bab693be-d0e6-4b53-b9d6-22852b0a29e2] - authentication successful using: SNOWFLAKE_JWT"}
{"level":"INFO","message":"[10:58:02.868 AM]: Connection[id: bab693be-d0e6-4b53-b9d6-22852b0a29e2] - connected successfully after 3.2805000000007567 milliseconds"}
{"level":"INFO","message":"[10:58:02.873 AM]: Creating new connection object"}
{"level":"INFO","message":"[10:58:02.874 AM]: Creating Connection[id: 8dd1557d-4a2a-497e-ab22-11a681be9578] with host: A5725842678961-SOFTWAREONE_SANDBOX.snowflakecomputing.com, account: A5725842678961-SOFTWAREONE_SANDBOX, accessUrl: https://A5725842678961-SOFTWAREONE_SANDBOX.snowflakecomputing.com, user: AKMAL_T, role: sysadmin, database: HR_Automation, schema: PUBLIC, warehouse: MY_WH_RIDHO, proxy was not configured, password is not provided, region: undefined, authenticator: SNOWFLAKE_JWT, ocsp mode: FAIL_OPEN, os: win32, os version: 10."}
{"level":"INFO","message":"[10:58:02.874 AM]: Connection[id: 8dd1557d-4a2a-497e-ab22-11a681be9578] additional details: passcode in password is provided, passcode is not provided, private key is provided, application: undefined, client name: snowflake-sdk, client version: 2.2.0, retry timeout: 300, private key path: undefined, private key pass is not provided, client store temporary credential: false, browser response timeout: 120000"}
{"level":"INFO","message":"[10:58:02.874 AM]: Connection[id: 8dd1557d-4a2a-497e-ab22-11a681be9578] - connection object created successfully."}
{"level":"INFO","message":"[10:58:02.874 AM]: Connection[id: 8dd1557d-4a2a-497e-ab22-11a681be9578] - connecting. Associated Snowflake domain: GLOBAL"}
{"level":"INFO","message":"[10:58:02.877 AM]: Connection[id: 8dd1557d-4a2a-497e-ab22-11a681be9578] - authentication successful using: SNOWFLAKE_JWT"}
{"level":"INFO","message":"[10:58:02.878 AM]: Connection[id: 8dd1557d-4a2a-497e-ab22-11a681be9578] - connected successfully after 3.153599999999642 milliseconds"}
{"level":"INFO","message":"[10:58:03.333 AM]: Creating new connection object"}
{"level":"INFO","message":"[10:58:03.334 AM]: Creating Connection[id: 76b45e21-064c-4316-bf42-2e77e31a2fcc] with host: A5725842678961-SOFTWAREONE_SANDBOX.snowflakecomputing.com, account: A5725842678961-SOFTWAREONE_SANDBOX, accessUrl: https://A5725842678961-SOFTWAREONE_SANDBOX.snowflakecomputing.com, user: AKMAL_T, role: sysadmin, database: HR_Automation, schema: PUBLIC, warehouse: MY_WH_RIDHO, proxy was not configured, password is not provided, region: undefined, authenticator: SNOWFLAKE_JWT, ocsp mode: FAIL_OPEN, os: win32, os version: 10."}
{"level":"INFO","message":"[10:58:03.334 AM]: Connection[id: 76b45e21-064c-4316-bf42-2e77e31a2fcc] additional details: passcode in password is provided, passcode is not provided, private key is provided, application: undefined, client name: snowflake-sdk, client version: 2.2.0, retry timeout: 300, private key path: undefined, private key pass is not provided, client store temporary credential: false, browser response timeout: 120000"}
{"level":"INFO","message":"[10:58:03.335 AM]: Connection[id: 76b45e21-064c-4316-bf42-2e77e31a2fcc] - connection object created successfully."}
{"level":"INFO","message":"[10:58:03.335 AM]: Connection[id: 76b45e21-064c-4316-bf42-2e77e31a2fcc] - connecting. Associated Snowflake domain: GLOBAL"}
{"level":"INFO","message":"[10:58:03.337 AM]: Connection[id: 76b45e21-064c-4316-bf42-2e77e31a2fcc] - authentication successful using: SNOWFLAKE_JWT"}
{"level":"INFO","message":"[10:58:03.338 AM]: Connection[id: 76b45e21-064c-4316-bf42-2e77e31a2fcc] - connected successfully after 3.4812000000001717 milliseconds"}
{"level":"INFO","message":"[10:58:03.344 AM]: Creating new connection object"}
{"level":"INFO","message":"[10:58:03.344 AM]: Creating Connection[id: 52344a49-31aa-4645-a17a-904d28028d9c] with host: A5725842678961-SOFTWAREONE_SANDBOX.snowflakecomputing.com, account: A5725842678961-SOFTWAREONE_SANDBOX, accessUrl: https://A5725842678961-SOFTWAREONE_SANDBOX.snowflakecomputing.com, user: AKMAL_T, role: sysadmin, database: HR_Automation, schema: PUBLIC, warehouse: MY_WH_RIDHO, proxy was not configured, password is not provided, region: undefined, authenticator: SNOWFLAKE_JWT, ocsp mode: FAIL_OPEN, os: win32, os version: 10."}
{"level":"INFO","message":"[10:58:03.345 AM]: Connection[id: 52344a49-31aa-4645-a17a-904d28028d9c] additional details: passcode in password is provided, passcode is not provided, private key is provided, application: undefined, client name: snowflake-sdk, client version: 2.2.0, retry timeout: 300, private key path: undefined, private key pass is not provided, client store temporary credential: false, browser response timeout: 120000"}
{"level":"INFO","message":"[10:58:03.345 AM]: Connection[id: 52344a49-31aa-4645-a17a-904d28028d9c] - connection object created successfully."}
{"level":"INFO","message":"[10:58:03.345 AM]: Connection[id: 52344a49-31aa-4645-a17a-904d28028d9c] - connecting. Associated Snowflake domain: GLOBAL"}
{"level":"INFO","message":"[10:58:03.347 AM]: Connection[id: 52344a49-31aa-4645-a17a-904d28028d9c] - authentication successful using: SNOWFLAKE_JWT"}
{"level":"INFO","message":"[10:58:03.348 AM]: Connection[id: 52344a49-31aa-4645-a17a-904d28028d9c] - connected successfully after 3.0169999999998254 milliseconds"}
{"level":"INFO","message":"[10:58:03.945 AM]: Creating new connection object"}
{"level":"INFO","message":"[10:58:03.946 AM]: Creating Connection[id: cb92eebd-84a6-4693-9628-7312501f215f] with host: A5725842678961-SOFTWAREONE_SANDBOX.snowflakecomputing.com, account: A5725842678961-SOFTWAREONE_SANDBOX, accessUrl: https://A5725842678961-SOFTWAREONE_SANDBOX.snowflakecomputing.com, user: AKMAL_T, role: sysadmin, database: HR_Automation, schema: PUBLIC, warehouse: MY_WH_RIDHO, proxy was not configured, password is not provided, region: undefined, authenticator: SNOWFLAKE_JWT, ocsp mode: FAIL_OPEN, os: win32, os version: 10."}
{"level":"INFO","message":"[10:58:03.946 AM]: Connection[id: cb92eebd-84a6-4693-9628-7312501f215f] additional details: passcode in password is provided, passcode is not provided, private key is provided, application: undefined, client name: snowflake-sdk, client version: 2.2.0, retry timeout: 300, private key path: undefined, private key pass is not provided, client store temporary credential: false, browser response timeout: 120000"}
{"level":"INFO","message":"[10:58:03.946 AM]: Connection[id: cb92eebd-84a6-4693-9628-7312501f215f] - connection object created successfully."}
{"level":"INFO","message":"[10:58:03.947 AM]: Connection[id: cb92eebd-84a6-4693-9628-7312501f215f] - connecting. Associated Snowflake domain: GLOBAL"}
{"level":"INFO","message":"[10:58:03.949 AM]: Connection[id: cb92eebd-84a6-4693-9628-7312501f215f] - authentication successful using: SNOWFLAKE_JWT"}
{"level":"INFO","message":"[10:58:03.950 AM]: Connection[id: cb92eebd-84a6-4693-9628-7312501f215f] - connected successfully after 3.4166000000004715 milliseconds"}
{"level":"INFO","message":"[10:58:03.954 AM]: Creating new connection object"}
{"level":"INFO","message":"[10:58:03.955 AM]: Creating Connection[id: 0512aed2-03a5-4542-bdf1-76510916bd69] with host: A5725842678961-SOFTWAREONE_SANDBOX.snowflakecomputing.com, account: A5725842678961-SOFTWAREONE_SANDBOX, accessUrl: https://A5725842678961-SOFTWAREONE_SANDBOX.snowflakecomputing.com, user: AKMAL_T, role: sysadmin, database: HR_Automation, schema: PUBLIC, warehouse: MY_WH_RIDHO, proxy was not configured, password is not provided, region: undefined, authenticator: SNOWFLAKE_JWT, ocsp mode: FAIL_OPEN, os: win32, os version: 10."}
{"level":"INFO","message":"[10:58:03.955 AM]: Connection[id: 0512aed2-03a5-4542-bdf1-76510916bd69] additional details: passcode in password is provided, passcode is not provided, private key is provided, application: undefined, client name: snowflake-sdk, client version: 2.2.0, retry timeout: 300, private key path: undefined, private key pass is not provided, client store temporary credential: false, browser response timeout: 120000"}
{"level":"INFO","message":"[10:58:03.955 AM]: Connection[id: 0512aed2-03a5-4542-bdf1-76510916bd69] - connection object created successfully."}
{"level":"INFO","message":"[10:58:03.955 AM]: Connection[id: 0512aed2-03a5-4542-bdf1-76510916bd69] - connecting. Associated Snowflake domain: GLOBAL"}
{"level":"INFO","message":"[10:58:03.958 AM]: Connection[id: 0512aed2-03a5-4542-bdf1-76510916bd69] - authentication successful using: SNOWFLAKE_JWT"}
{"level":"INFO","message":"[10:58:03.959 AM]: Connection[id: 0512aed2-03a5-4542-bdf1-76510916bd69] - connected successfully after 3.259200000000419 milliseconds"}
{"level":"INFO","message":"[10:58:04.377 AM]: Creating new connection object"}
{"level":"INFO","message":"[10:58:04.379 AM]: Creating Connection[id: a35e1d46-6006-4365-9a5c-f62033ce0db4] with host: A5725842678961-SOFTWAREONE_SANDBOX.snowflakecomputing.com, account: A5725842678961-SOFTWAREONE_SANDBOX, accessUrl: https://A5725842678961-SOFTWAREONE_SANDBOX.snowflakecomputing.com, user: AKMAL_T, role: sysadmin, database: HR_Automation, schema: PUBLIC, warehouse: MY_WH_RIDHO, proxy was not configured, password is not provided, region: undefined, authenticator: SNOWFLAKE_JWT, ocsp mode: FAIL_OPEN, os: win32, os version: 10."}
{"level":"INFO","message":"[10:58:04.379 AM]: Connection[id: a35e1d46-6006-4365-9a5c-f62033ce0db4] additional details: passcode in password is provided, passcode is not provided, private key is provided, application: undefined, client name: snowflake-sdk, client version: 2.2.0, retry timeout: 300, private key path: undefined, private key pass is not provided, client store temporary credential: false, browser response timeout: 120000"}
{"level":"INFO","message":"[10:58:04.379 AM]: Connection[id: a35e1d46-6006-4365-9a5c-f62033ce0db4] - connection object created successfully."}
{"level":"INFO","message":"[10:58:04.380 AM]: Connection[id: a35e1d46-6006-4365-9a5c-f62033ce0db4] - connecting. Associated Snowflake domain: GLOBAL"}
{"level":"INFO","message":"[10:58:04.383 AM]: Connection[id: a35e1d46-6006-4365-9a5c-f62033ce0db4] - authentication successful using: SNOWFLAKE_JWT"}
{"level":"INFO","message":"[10:58:04.384 AM]: Connection[id: a35e1d46-6006-4365-9a5c-f62033ce0db4] - connected successfully after 3.4773999999997613 milliseconds"}
{"level":"INFO","message":"[10:58:04.831 AM]: Creating new connection object"}
{"level":"INFO","message":"[10:58:04.833 AM]: Creating Connection[id: ce66c153-0857-4578-8349-ef4d0754277c] with host: A5725842678961-SOFTWAREONE_SANDBOX.snowflakecomputing.com, account: A5725842678961-SOFTWAREONE_SANDBOX, accessUrl: https://A5725842678961-SOFTWAREONE_SANDBOX.snowflakecomputing.com, user: AKMAL_T, role: sysadmin, database: HR_Automation, schema: PUBLIC, warehouse: MY_WH_RIDHO, proxy was not configured, password is not provided, region: undefined, authenticator: SNOWFLAKE_JWT, ocsp mode: FAIL_OPEN, os: win32, os version: 10."}
{"level":"INFO","message":"[10:58:04.833 AM]: Connection[id: ce66c153-0857-4578-8349-ef4d0754277c] additional details: passcode in password is provided, passcode is not provided, private key is provided, application: undefined, client name: snowflake-sdk, client version: 2.2.0, retry timeout: 300, private key path: undefined, private key pass is not provided, client store temporary credential: false, browser response timeout: 120000"}
{"level":"INFO","message":"[10:58:04.833 AM]: Connection[id: ce66c153-0857-4578-8349-ef4d0754277c] - connection object created successfully."}
{"level":"INFO","message":"[10:58:04.834 AM]: Connection[id: ce66c153-0857-4578-8349-ef4d0754277c] - connecting. Associated Snowflake domain: GLOBAL"}
{"level":"INFO","message":"[10:58:04.837 AM]: Connection[id: ce66c153-0857-4578-8349-ef4d0754277c] - authentication successful using: SNOWFLAKE_JWT"}
{"level":"INFO","message":"[10:58:04.838 AM]: Connection[id: ce66c153-0857-4578-8349-ef4d0754277c] - connected successfully after 4.067900000000009 milliseconds"}
{"level":"INFO","message":"[10:58:04.842 AM]: Creating new connection object"}
{"level":"INFO","message":"[10:58:04.843 AM]: Creating Connection[id: 2eb132ce-fa7e-4e76-8950-63aef057bfd9] with host: A5725842678961-SOFTWAREONE_SANDBOX.snowflakecomputing.com, account: A5725842678961-SOFTWAREONE_SANDBOX, accessUrl: https://A5725842678961-SOFTWAREONE_SANDBOX.snowflakecomputing.com, user: AKMAL_T, role: sysadmin, database: HR_Automation, schema: PUBLIC, warehouse: MY_WH_RIDHO, proxy was not configured, password is not provided, region: undefined, authenticator: SNOWFLAKE_JWT, ocsp mode: FAIL_OPEN, os: win32, os version: 10."}
{"level":"INFO","message":"[10:58:04.843 AM]: Connection[id: 2eb132ce-fa7e-4e76-8950-63aef057bfd9] additional details: passcode in password is provided, passcode is not provided, private key is provided, application: undefined, client name: snowflake-sdk, client version: 2.2.0, retry timeout: 300, private key path: undefined, private key pass is not provided, client store temporary credential: false, browser response timeout: 120000"}
{"level":"INFO","message":"[10:58:04.844 AM]: Connection[id: 2eb132ce-fa7e-4e76-8950-63aef057bfd9] - connection object created successfully."}
{"level":"INFO","message":"[10:58:04.844 AM]: Connection[id: 2eb132ce-fa7e-4e76-8950-63aef057bfd9] - connecting. Associated Snowflake domain: GLOBAL"}
{"level":"INFO","message":"[10:58:04.847 AM]: Connection[id: 2eb132ce-fa7e-4e76-8950-63aef057bfd9] - authentication successful using: SNOWFLAKE_JWT"}
{"level":"INFO","message":"[10:58:04.848 AM]: Connection[id: 2eb132ce-fa7e-4e76-8950-63aef057bfd9] - connected successfully after 3.5885999999991327 milliseconds"}
{"level":"INFO","message":"[10:58:05.346 AM]: Creating new connection object"}
{"level":"INFO","message":"[10:58:05.347 AM]: Creating Connection[id: 343cc2bb-ce1a-4549-8dab-4faf0866dd6f] with host: A5725842678961-SOFTWAREONE_SANDBOX.snowflakecomputing.com, account: A5725842678961-SOFTWAREONE_SANDBOX, accessUrl: https://A5725842678961-SOFTWAREONE_SANDBOX.snowflakecomputing.com, user: AKMAL_T, role: sysadmin, database: HR_Automation, schema: PUBLIC, warehouse: MY_WH_RIDHO, proxy was not configured, password is not provided, region: undefined, authenticator: SNOWFLAKE_JWT, ocsp mode: FAIL_OPEN, os: win32, os version: 10."}
{"level":"INFO","message":"[10:58:05.347 AM]: Connection[id: 343cc2bb-ce1a-4549-8dab-4faf0866dd6f] additional details: passcode in password is provided, passcode is not provided, private key is provided, application: undefined, client name: snowflake-sdk, client version: 2.2.0, retry timeout: 300, private key path: undefined, private key pass is not provided, client store temporary credential: false, browser response timeout: 120000"}
{"level":"INFO","message":"[10:58:05.348 AM]: Connection[id: 343cc2bb-ce1a-4549-8dab-4faf0866dd6f] - connection object created successfully."}
{"level":"INFO","message":"[10:58:05.348 AM]: Connection[id: 343cc2bb-ce1a-4549-8dab-4faf0866dd6f] - connecting. Associated Snowflake domain: GLOBAL"}
{"level":"INFO","message":"[10:58:05.350 AM]: Connection[id: 343cc2bb-ce1a-4549-8dab-4faf0866dd6f] - authentication successful using: SNOWFLAKE_JWT"}
{"level":"INFO","message":"[10:58:05.351 AM]: Connection[id: 343cc2bb-ce1a-4549-8dab-4faf0866dd6f] - connected successfully after 3.289600000000064 milliseconds"}
{"level":"INFO","message":"[10:58:05.403 AM]: Creating new connection object"}
{"level":"INFO","message":"[10:58:05.404 AM]: Creating Connection[id: ede91a21-d0ff-4adb-a549-4d64aae82206] with host: A5725842678961-SOFTWAREONE_SANDBOX.snowflakecomputing.com, account: A5725842678961-SOFTWAREONE_SANDBOX, accessUrl: https://A5725842678961-SOFTWAREONE_SANDBOX.snowflakecomputing.com, user: AKMAL_T, role: sysadmin, database: HR_Automation, schema: PUBLIC, warehouse: MY_WH_RIDHO, proxy was not configured, password is not provided, region: undefined, authenticator: SNOWFLAKE_JWT, ocsp mode: FAIL_OPEN, os: win32, os version: 10."}
{"level":"INFO","message":"[10:58:05.404 AM]: Connection[id: ede91a21-d0ff-4adb-a549-4d64aae82206] additional details: passcode in password is provided, passcode is not provided, private key is provided, application: undefined, client name: snowflake-sdk, client version: 2.2.0, retry timeout: 300, private key path: undefined, private key pass is not provided, client store temporary credential: false, browser response timeout: 120000"}
{"level":"INFO","message":"[10:58:05.404 AM]: Connection[id: ede91a21-d0ff-4adb-a549-4d64aae82206] - connection object created successfully."}
{"level":"INFO","message":"[10:58:05.405 AM]: Connection[id: ede91a21-d0ff-4adb-a549-4d64aae82206] - connecting. Associated Snowflake domain: GLOBAL"}
{"level":"INFO","message":"[10:58:05.407 AM]: Connection[id: ede91a21-d0ff-4adb-a549-4d64aae82206] - authentication successful using: SNOWFLAKE_JWT"}
{"level":"INFO","message":"[10:58:05.408 AM]: Connection[id: ede91a21-d0ff-4adb-a549-4d64aae82206] - connected successfully after 3.0142000000014377 milliseconds"}
{"level":"INFO","message":"[10:58:05.785 AM]: Creating new connection object"}
{"level":"INFO","message":"[10:58:05.786 AM]: Creating Connection[id: 99755c5c-84ea-41cb-8897-ecd62f371c4b] with host: A5725842678961-SOFTWAREONE_SANDBOX.snowflakecomputing.com, account: A5725842678961-SOFTWAREONE_SANDBOX, accessUrl: https://A5725842678961-SOFTWAREONE_SANDBOX.snowflakecomputing.com, user: AKMAL_T, role: sysadmin, database: HR_Automation, schema: PUBLIC, warehouse: MY_WH_RIDHO, proxy was not configured, password is not provided, region: undefined, authenticator: SNOWFLAKE_JWT, ocsp mode: FAIL_OPEN, os: win32, os version: 10."}
{"level":"INFO","message":"[10:58:05.787 AM]: Connection[id: 99755c5c-84ea-41cb-8897-ecd62f371c4b] additional details: passcode in password is provided, passcode is not provided, private key is provided, application: undefined, client name: snowflake-sdk, client version: 2.2.0, retry timeout: 300, private key path: undefined, private key pass is not provided, client store temporary credential: false, browser response timeout: 120000"}
{"level":"INFO","message":"[10:58:05.787 AM]: Connection[id: 99755c5c-84ea-41cb-8897-ecd62f371c4b] - connection object created successfully."}
{"level":"INFO","message":"[10:58:05.787 AM]: Connection[id: 99755c5c-84ea-41cb-8897-ecd62f371c4b] - connecting. Associated Snowflake domain: GLOBAL"}
{"level":"INFO","message":"[10:58:05.790 AM]: Connection[id: 99755c5c-84ea-41cb-8897-ecd62f371c4b] - authentication successful using: SNOWFLAKE_JWT"}
{"level":"INFO","message":"[10:58:05.790 AM]: Connection[id: 99755c5c-84ea-41cb-8897-ecd62f371c4b] - connected successfully after 3.032499999997526 milliseconds"}
{"level":"INFO","message":"[10:58:05.879 AM]: Creating new connection object"}
{"level":"INFO","message":"[10:58:05.879 AM]: Creating Connection[id: fbab7bb1-beb6-4e63-96ff-1191997fc885] with host: A5725842678961-SOFTWAREONE_SANDBOX.snowflakecomputing.com, account: A5725842678961-SOFTWAREONE_SANDBOX, accessUrl: https://A5725842678961-SOFTWAREONE_SANDBOX.snowflakecomputing.com, user: AKMAL_T, role: sysadmin, database: HR_Automation, schema: PUBLIC, warehouse: MY_WH_RIDHO, proxy was not configured, password is not provided, region: undefined, authenticator: SNOWFLAKE_JWT, ocsp mode: FAIL_OPEN, os: win32, os version: 10."}
{"level":"INFO","message":"[10:58:05.880 AM]: Connection[id: fbab7bb1-beb6-4e63-96ff-1191997fc885] additional details: passcode in password is provided, passcode is not provided, private key is provided, application: undefined, client name: snowflake-sdk, client version: 2.2.0, retry timeout: 300, private key path: undefined, private key pass is not provided, client store temporary credential: false, browser response timeout: 120000"}
{"level":"INFO","message":"[10:58:05.880 AM]: Connection[id: fbab7bb1-beb6-4e63-96ff-1191997fc885] - connection object created successfully."}
{"level":"INFO","message":"[10:58:05.880 AM]: Connection[id: fbab7bb1-beb6-4e63-96ff-1191997fc885] - connecting. Associated Snowflake domain: GLOBAL"}
{"level":"INFO","message":"[10:58:05.882 AM]: Connection[id: fbab7bb1-beb6-4e63-96ff-1191997fc885] - authentication successful using: SNOWFLAKE_JWT"}
{"level":"INFO","message":"[10:58:05.883 AM]: Connection[id: fbab7bb1-beb6-4e63-96ff-1191997fc885] - connected successfully after 2.6212000000014086 milliseconds"}
{"level":"INFO","message":"[10:58:06.208 AM]: Creating new connection object"}
{"level":"INFO","message":"[10:58:06.210 AM]: Creating Connection[id: 03b826fb-b5e1-4a6e-bd5b-39d08e02bb0c] with host: A5725842678961-SOFTWAREONE_SANDBOX.snowflakecomputing.com, account: A5725842678961-SOFTWAREONE_SANDBOX, accessUrl: https://A5725842678961-SOFTWAREONE_SANDBOX.snowflakecomputing.com, user: AKMAL_T, role: sysadmin, database: HR_Automation, schema: PUBLIC, warehouse: MY_WH_RIDHO, proxy was not configured, password is not provided, region: undefined, authenticator: SNOWFLAKE_JWT, ocsp mode: FAIL_OPEN, os: win32, os version: 10."}
{"level":"INFO","message":"[10:58:06.210 AM]: Connection[id: 03b826fb-b5e1-4a6e-bd5b-39d08e02bb0c] additional details: passcode in password is provided, passcode is not provided, private key is provided, application: undefined, client name: snowflake-sdk, client version: 2.2.0, retry timeout: 300, private key path: undefined, private key pass is not provided, client store temporary credential: false, browser response timeout: 120000"}
{"level":"INFO","message":"[10:58:06.210 AM]: Connection[id: 03b826fb-b5e1-4a6e-bd5b-39d08e02bb0c] - connection object created successfully."}
{"level":"INFO","message":"[10:58:06.211 AM]: Connection[id: 03b826fb-b5e1-4a6e-bd5b-39d08e02bb0c] - connecting. Associated Snowflake domain: GLOBAL"}
{"level":"INFO","message":"[10:58:06.213 AM]: Connection[id: 03b826fb-b5e1-4a6e-bd5b-39d08e02bb0c] - authentication successful using: SNOWFLAKE_JWT"}
{"level":"INFO","message":"[10:58:06.214 AM]: Connection[id: 03b826fb-b5e1-4a6e-bd5b-39d08e02bb0c] - connected successfully after 3.388699999999517 milliseconds"}
{"level":"INFO","message":"[10:58:30.907 AM]: Creating new connection object"}
{"level":"INFO","message":"[10:58:30.908 AM]: Creating Connection[id: 11674504-89bf-4c11-83f0-d88352654f91] with host: A5725842678961-SOFTWAREONE_SANDBOX.snowflakecomputing.com, account: A5725842678961-SOFTWAREONE_SANDBOX, accessUrl: https://A5725842678961-SOFTWAREONE_SANDBOX.snowflakecomputing.com, user: AKMAL_T, role: sysadmin, database: HR_Automation, schema: PUBLIC, warehouse: MY_WH_RIDHO, proxy was not configured, password is not provided, region: undefined, authenticator: SNOWFLAKE_JWT, ocsp mode: FAIL_OPEN, os: win32, os version: 10."}
{"level":"INFO","message":"[10:58:30.908 AM]: Connection[id: 11674504-89bf-4c11-83f0-d88352654f91] additional details: passcode in password is provided, passcode is not provided, private key is provided, application: undefined, client name: snowflake-sdk, client version: 2.2.0, retry timeout: 300, private key path: undefined, private key pass is not provided, client store temporary credential: false, browser response timeout: 120000"}
{"level":"INFO","message":"[10:58:30.909 AM]: Connection[id: 11674504-89bf-4c11-83f0-d88352654f91] - connection object created successfully."}
{"level":"INFO","message":"[10:58:30.909 AM]: Connection[id: 11674504-89bf-4c11-83f0-d88352654f91] - connecting. Associated Snowflake domain: GLOBAL"}
{"level":"INFO","message":"[10:58:30.912 AM]: Connection[id: 11674504-89bf-4c11-83f0-d88352654f91] - authentication successful using: SNOWFLAKE_JWT"}
{"level":"INFO","message":"[10:58:30.912 AM]: Connection[id: 11674504-89bf-4c11-83f0-d88352654f91] - connected successfully after 3.2497000000003027 milliseconds"}
{"level":"INFO","message":"[10:58:30.918 AM]: Creating new connection object"}
{"level":"INFO","message":"[10:58:30.919 AM]: Creating Connection[id: 755f7b86-fc50-4a16-9212-57b3a4ce5d2a] with host: A5725842678961-SOFTWAREONE_SANDBOX.snowflakecomputing.com, account: A5725842678961-SOFTWAREONE_SANDBOX, accessUrl: https://A5725842678961-SOFTWAREONE_SANDBOX.snowflakecomputing.com, user: AKMAL_T, role: sysadmin, database: HR_Automation, schema: PUBLIC, warehouse: MY_WH_RIDHO, proxy was not configured, password is not provided, region: undefined, authenticator: SNOWFLAKE_JWT, ocsp mode: FAIL_OPEN, os: win32, os version: 10."}
{"level":"INFO","message":"[10:58:30.919 AM]: Connection[id: 755f7b86-fc50-4a16-9212-57b3a4ce5d2a] additional details: passcode in password is provided, passcode is not provided, private key is provided, application: undefined, client name: snowflake-sdk, client version: 2.2.0, retry timeout: 300, private key path: undefined, private key pass is not provided, client store temporary credential: false, browser response timeout: 120000"}
{"level":"INFO","message":"[10:58:30.919 AM]: Connection[id: 755f7b86-fc50-4a16-9212-57b3a4ce5d2a] - connection object created successfully."}
{"level":"INFO","message":"[10:58:30.920 AM]: Connection[id: 755f7b86-fc50-4a16-9212-57b3a4ce5d2a] - connecting. Associated Snowflake domain: GLOBAL"}
{"level":"INFO","message":"[10:58:30.922 AM]: Connection[id: 755f7b86-fc50-4a16-9212-57b3a4ce5d2a] - authentication successful using: SNOWFLAKE_JWT"}
{"level":"INFO","message":"[10:58:30.923 AM]: Connection[id: 755f7b86-fc50-4a16-9212-57b3a4ce5d2a] - connected successfully after 3.169800000003306 milliseconds"}
{"level":"INFO","message":"[10:58:34.154 AM]: Creating new connection object"}
{"level":"INFO","message":"[10:58:34.155 AM]: Creating Connection[id: f4524cf2-5378-4e10-8c00-82b366fb7f57] with host: A5725842678961-SOFTWAREONE_SANDBOX.snowflakecomputing.com, account: A5725842678961-SOFTWAREONE_SANDBOX, accessUrl: https://A5725842678961-SOFTWAREONE_SANDBOX.snowflakecomputing.com, user: AKMAL_T, role: sysadmin, database: HR_Automation, schema: PUBLIC, warehouse: MY_WH_RIDHO, proxy was not configured, password is not provided, region: undefined, authenticator: SNOWFLAKE_JWT, ocsp mode: FAIL_OPEN, os: win32, os version: 10."}
{"level":"INFO","message":"[10:58:34.156 AM]: Connection[id: f4524cf2-5378-4e10-8c00-82b366fb7f57] additional details: passcode in password is provided, passcode is not provided, private key is provided, application: undefined, client name: snowflake-sdk, client version: 2.2.0, retry timeout: 300, private key path: undefined, private key pass is not provided, client store temporary credential: false, browser response timeout: 120000"}
{"level":"INFO","message":"[10:58:34.156 AM]: Connection[id: f4524cf2-5378-4e10-8c00-82b366fb7f57] - connection object created successfully."}
{"level":"INFO","message":"[10:58:34.157 AM]: Connection[id: f4524cf2-5378-4e10-8c00-82b366fb7f57] - connecting. Associated Snowflake domain: GLOBAL"}
{"level":"INFO","message":"[10:58:34.161 AM]: Connection[id: f4524cf2-5378-4e10-8c00-82b366fb7f57] - authentication successful using: SNOWFLAKE_JWT"}
{"level":"INFO","message":"[10:58:34.163 AM]: Connection[id: f4524cf2-5378-4e10-8c00-82b366fb7f57] - connected successfully after 5.483100000004924 milliseconds"}
{"level":"INFO","message":"[10:58:34.168 AM]: Creating new connection object"}
{"level":"INFO","message":"[10:58:34.169 AM]: Creating Connection[id: 552a4c5c-e5c5-47bc-983a-ebd4f2752ed1] with host: A5725842678961-SOFTWAREONE_SANDBOX.snowflakecomputing.com, account: A5725842678961-SOFTWAREONE_SANDBOX, accessUrl: https://A5725842678961-SOFTWAREONE_SANDBOX.snowflakecomputing.com, user: AKMAL_T, role: sysadmin, database: HR_Automation, schema: PUBLIC, warehouse: MY_WH_RIDHO, proxy was not configured, password is not provided, region: undefined, authenticator: SNOWFLAKE_JWT, ocsp mode: FAIL_OPEN, os: win32, os version: 10."}
{"level":"INFO","message":"[10:58:34.169 AM]: Connection[id: 552a4c5c-e5c5-47bc-983a-ebd4f2752ed1] additional details: passcode in password is provided, passcode is not provided, private key is provided, application: undefined, client name: snowflake-sdk, client version: 2.2.0, retry timeout: 300, private key path: undefined, private key pass is not provided, client store temporary credential: false, browser response timeout: 120000"}
{"level":"INFO","message":"[10:58:34.170 AM]: Connection[id: 552a4c5c-e5c5-47bc-983a-ebd4f2752ed1] - connection object created successfully."}
{"level":"INFO","message":"[10:58:34.170 AM]: Connection[id: 552a4c5c-e5c5-47bc-983a-ebd4f2752ed1] - connecting. Associated Snowflake domain: GLOBAL"}
{"level":"INFO","message":"[10:58:34.172 AM]: Connection[id: 552a4c5c-e5c5-47bc-983a-ebd4f2752ed1] - authentication successful using: SNOWFLAKE_JWT"}
{"level":"INFO","message":"[10:58:34.173 AM]: Connection[id: 552a4c5c-e5c5-47bc-983a-ebd4f2752ed1] - connected successfully after 2.9789999999993597 milliseconds"}
{"level":"INFO","message":"[10:58:34.178 AM]: Creating new connection object"}
{"level":"INFO","message":"[10:58:34.178 AM]: Creating Connection[id: dbe16c9f-29e1-4f6d-b83f-d205befe8b90] with host: A5725842678961-SOFTWAREONE_SANDBOX.snowflakecomputing.com, account: A5725842678961-SOFTWAREONE_SANDBOX, accessUrl: https://A5725842678961-SOFTWAREONE_SANDBOX.snowflakecomputing.com, user: AKMAL_T, role: sysadmin, database: HR_Automation, schema: PUBLIC, warehouse: MY_WH_RIDHO, proxy was not configured, password is not provided, region: undefined, authenticator: SNOWFLAKE_JWT, ocsp mode: FAIL_OPEN, os: win32, os version: 10."}
{"level":"INFO","message":"[10:58:34.178 AM]: Connection[id: dbe16c9f-29e1-4f6d-b83f-d205befe8b90] additional details: passcode in password is provided, passcode is not provided, private key is provided, application: undefined, client name: snowflake-sdk, client version: 2.2.0, retry timeout: 300, private key path: undefined, private key pass is not provided, client store temporary credential: false, browser response timeout: 120000"}
{"level":"INFO","message":"[10:58:34.179 AM]: Connection[id: dbe16c9f-29e1-4f6d-b83f-d205befe8b90] - connection object created successfully."}
{"level":"INFO","message":"[10:58:34.179 AM]: Connection[id: dbe16c9f-29e1-4f6d-b83f-d205befe8b90] - connecting. Associated Snowflake domain: GLOBAL"}
{"level":"INFO","message":"[10:58:34.181 AM]: Connection[id: dbe16c9f-29e1-4f6d-b83f-d205befe8b90] - authentication successful using: SNOWFLAKE_JWT"}
{"level":"INFO","message":"[10:58:34.182 AM]: Connection[id: dbe16c9f-29e1-4f6d-b83f-d205befe8b90] - connected successfully after 3.1252000000022235 milliseconds"}
{"level":"INFO","message":"[10:58:34.923 AM]: Creating new connection object"}
{"level":"INFO","message":"[10:58:34.924 AM]: Creating Connection[id: d5db94c9-4328-4468-9a7a-c5701ec23866] with host: A5725842678961-SOFTWAREONE_SANDBOX.snowflakecomputing.com, account: A5725842678961-SOFTWAREONE_SANDBOX, accessUrl: https://A5725842678961-SOFTWAREONE_SANDBOX.snowflakecomputing.com, user: AKMAL_T, role: sysadmin, database: HR_Automation, schema: PUBLIC, warehouse: MY_WH_RIDHO, proxy was not configured, password is not provided, region: undefined, authenticator: SNOWFLAKE_JWT, ocsp mode: FAIL_OPEN, os: win32, os version: 10."}
{"level":"INFO","message":"[10:58:34.925 AM]: Connection[id: d5db94c9-4328-4468-9a7a-c5701ec23866] additional details: passcode in password is provided, passcode is not provided, private key is provided, application: undefined, client name: snowflake-sdk, client version: 2.2.0, retry timeout: 300, private key path: undefined, private key pass is not provided, client store temporary credential: false, browser response timeout: 120000"}
{"level":"INFO","message":"[10:58:34.925 AM]: Connection[id: d5db94c9-4328-4468-9a7a-c5701ec23866] - connection object created successfully."}
{"level":"INFO","message":"[10:58:34.926 AM]: Connection[id: d5db94c9-4328-4468-9a7a-c5701ec23866] - connecting. Associated Snowflake domain: GLOBAL"}
{"level":"INFO","message":"[10:58:34.928 AM]: Connection[id: d5db94c9-4328-4468-9a7a-c5701ec23866] - authentication successful using: SNOWFLAKE_JWT"}
{"level":"INFO","message":"[10:58:34.930 AM]: Connection[id: d5db94c9-4328-4468-9a7a-c5701ec23866] - connected successfully after 4.248500000001513 milliseconds"}
{"level":"INFO","message":"[10:58:35.026 AM]: Creating new connection object"}
{"level":"INFO","message":"[10:58:35.027 AM]: Creating Connection[id: f9c39c1a-67b2-46fa-9514-729bfc5e9343] with host: A5725842678961-SOFTWAREONE_SANDBOX.snowflakecomputing.com, account: A5725842678961-SOFTWAREONE_SANDBOX, accessUrl: https://A5725842678961-SOFTWAREONE_SANDBOX.snowflakecomputing.com, user: AKMAL_T, role: sysadmin, database: HR_Automation, schema: PUBLIC, warehouse: MY_WH_RIDHO, proxy was not configured, password is not provided, region: undefined, authenticator: SNOWFLAKE_JWT, ocsp mode: FAIL_OPEN, os: win32, os version: 10."}
{"level":"INFO","message":"[10:58:35.028 AM]: Connection[id: f9c39c1a-67b2-46fa-9514-729bfc5e9343] additional details: passcode in password is provided, passcode is not provided, private key is provided, application: undefined, client name: snowflake-sdk, client version: 2.2.0, retry timeout: 300, private key path: undefined, private key pass is not provided, client store temporary credential: false, browser response timeout: 120000"}
{"level":"INFO","message":"[10:58:35.028 AM]: Connection[id: f9c39c1a-67b2-46fa-9514-729bfc5e9343] - connection object created successfully."}
{"level":"INFO","message":"[10:58:35.029 AM]: Connection[id: f9c39c1a-67b2-46fa-9514-729bfc5e9343] - connecting. Associated Snowflake domain: GLOBAL"}
{"level":"INFO","message":"[10:58:35.034 AM]: Connection[id: f9c39c1a-67b2-46fa-9514-729bfc5e9343] - authentication successful using: SNOWFLAKE_JWT"}
{"level":"INFO","message":"[10:58:35.035 AM]: Connection[id: f9c39c1a-67b2-46fa-9514-729bfc5e9343] - connected successfully after 6.228900000001886 milliseconds"}
{"level":"INFO","message":"[10:58:35.898 AM]: Creating new connection object"}
{"level":"INFO","message":"[10:58:35.899 AM]: Creating Connection[id: f3213b03-d5ac-41ca-a178-f4a6aa806d72] with host: A5725842678961-SOFTWAREONE_SANDBOX.snowflakecomputing.com, account: A5725842678961-SOFTWAREONE_SANDBOX, accessUrl: https://A5725842678961-SOFTWAREONE_SANDBOX.snowflakecomputing.com, user: AKMAL_T, role: sysadmin, database: HR_Automation, schema: PUBLIC, warehouse: MY_WH_RIDHO, proxy was not configured, password is not provided, region: undefined, authenticator: SNOWFLAKE_JWT, ocsp mode: FAIL_OPEN, os: win32, os version: 10."}
{"level":"INFO","message":"[10:58:35.899 AM]: Connection[id: f3213b03-d5ac-41ca-a178-f4a6aa806d72] additional details: passcode in password is provided, passcode is not provided, private key is provided, application: undefined, client name: snowflake-sdk, client version: 2.2.0, retry timeout: 300, private key path: undefined, private key pass is not provided, client store temporary credential: false, browser response timeout: 120000"}
{"level":"INFO","message":"[10:58:35.900 AM]: Connection[id: f3213b03-d5ac-41ca-a178-f4a6aa806d72] - connection object created successfully."}
{"level":"INFO","message":"[10:58:35.900 AM]: Connection[id: f3213b03-d5ac-41ca-a178-f4a6aa806d72] - connecting. Associated Snowflake domain: GLOBAL"}
{"level":"INFO","message":"[10:58:35.905 AM]: Connection[id: f3213b03-d5ac-41ca-a178-f4a6aa806d72] - authentication successful using: SNOWFLAKE_JWT"}
{"level":"INFO","message":"[10:58:35.908 AM]: Connection[id: f3213b03-d5ac-41ca-a178-f4a6aa806d72] - connected successfully after 7.534199999994598 milliseconds"}
{"level":"INFO","message":"[10:58:35.916 AM]: Creating new connection object"}
{"level":"INFO","message":"[10:58:35.917 AM]: Creating Connection[id: e69ac84a-d782-4243-91bb-25d77bf975ab] with host: A5725842678961-SOFTWAREONE_SANDBOX.snowflakecomputing.com, account: A5725842678961-SOFTWAREONE_SANDBOX, accessUrl: https://A5725842678961-SOFTWAREONE_SANDBOX.snowflakecomputing.com, user: AKMAL_T, role: sysadmin, database: HR_Automation, schema: PUBLIC, warehouse: MY_WH_RIDHO, proxy was not configured, password is not provided, region: undefined, authenticator: SNOWFLAKE_JWT, ocsp mode: FAIL_OPEN, os: win32, os version: 10."}
{"level":"INFO","message":"[10:58:35.918 AM]: Connection[id: e69ac84a-d782-4243-91bb-25d77bf975ab] additional details: passcode in password is provided, passcode is not provided, private key is provided, application: undefined, client name: snowflake-sdk, client version: 2.2.0, retry timeout: 300, private key path: undefined, private key pass is not provided, client store temporary credential: false, browser response timeout: 120000"}
{"level":"INFO","message":"[10:58:35.918 AM]: Connection[id: e69ac84a-d782-4243-91bb-25d77bf975ab] - connection object created successfully."}
{"level":"INFO","message":"[10:58:35.918 AM]: Connection[id: e69ac84a-d782-4243-91bb-25d77bf975ab] - connecting. Associated Snowflake domain: GLOBAL"}
{"level":"INFO","message":"[10:58:35.923 AM]: Connection[id: e69ac84a-d782-4243-91bb-25d77bf975ab] - authentication successful using: SNOWFLAKE_JWT"}
{"level":"INFO","message":"[10:58:35.927 AM]: Connection[id: e69ac84a-d782-4243-91bb-25d77bf975ab] - connected successfully after 8.227599999998347 milliseconds"}
{"level":"INFO","message":"[10:58:35.936 AM]: Creating new connection object"}
{"level":"INFO","message":"[10:58:35.937 AM]: Creating Connection[id: 2e10e9d8-4347-46fc-880c-f61c373fe135] with host: A5725842678961-SOFTWAREONE_SANDBOX.snowflakecomputing.com, account: A5725842678961-SOFTWAREONE_SANDBOX, accessUrl: https://A5725842678961-SOFTWAREONE_SANDBOX.snowflakecomputing.com, user: AKMAL_T, role: sysadmin, database: HR_Automation, schema: PUBLIC, warehouse: MY_WH_RIDHO, proxy was not configured, password is not provided, region: undefined, authenticator: SNOWFLAKE_JWT, ocsp mode: FAIL_OPEN, os: win32, os version: 10."}
{"level":"INFO","message":"[10:58:35.938 AM]: Connection[id: 2e10e9d8-4347-46fc-880c-f61c373fe135] additional details: passcode in password is provided, passcode is not provided, private key is provided, application: undefined, client name: snowflake-sdk, client version: 2.2.0, retry timeout: 300, private key path: undefined, private key pass is not provided, client store temporary credential: false, browser response timeout: 120000"}
{"level":"INFO","message":"[10:58:35.938 AM]: Connection[id: 2e10e9d8-4347-46fc-880c-f61c373fe135] - connection object created successfully."}
{"level":"INFO","message":"[10:58:35.938 AM]: Connection[id: 2e10e9d8-4347-46fc-880c-f61c373fe135] - connecting. Associated Snowflake domain: GLOBAL"}
{"level":"INFO","message":"[10:58:35.942 AM]: Connection[id: 2e10e9d8-4347-46fc-880c-f61c373fe135] - authentication successful using: SNOWFLAKE_JWT"}
{"level":"INFO","message":"[10:58:35.944 AM]: Connection[id: 2e10e9d8-4347-46fc-880c-f61c373fe135] - connected successfully after 5.568600000005972 milliseconds"}
{"level":"INFO","message":"[10:58:36.488 AM]: Creating new connection object"}
{"level":"INFO","message":"[10:58:36.490 AM]: Creating Connection[id: ff11a590-bf1a-4771-ab2b-8ef3f3394075] with host: A5725842678961-SOFTWAREONE_SANDBOX.snowflakecomputing.com, account: A5725842678961-SOFTWAREONE_SANDBOX, accessUrl: https://A5725842678961-SOFTWAREONE_SANDBOX.snowflakecomputing.com, user: AKMAL_T, role: sysadmin, database: HR_Automation, schema: PUBLIC, warehouse: MY_WH_RIDHO, proxy was not configured, password is not provided, region: undefined, authenticator: SNOWFLAKE_JWT, ocsp mode: FAIL_OPEN, os: win32, os version: 10."}
{"level":"INFO","message":"[10:58:36.490 AM]: Connection[id: ff11a590-bf1a-4771-ab2b-8ef3f3394075] additional details: passcode in password is provided, passcode is not provided, private key is provided, application: undefined, client name: snowflake-sdk, client version: 2.2.0, retry timeout: 300, private key path: undefined, private key pass is not provided, client store temporary credential: false, browser response timeout: 120000"}
{"level":"INFO","message":"[10:58:36.491 AM]: Connection[id: ff11a590-bf1a-4771-ab2b-8ef3f3394075] - connection object created successfully."}
{"level":"INFO","message":"[10:58:36.491 AM]: Connection[id: ff11a590-bf1a-4771-ab2b-8ef3f3394075] - connecting. Associated Snowflake domain: GLOBAL"}
{"level":"INFO","message":"[10:58:36.500 AM]: Connection[id: ff11a590-bf1a-4771-ab2b-8ef3f3394075] - authentication successful using: SNOWFLAKE_JWT"}
{"level":"INFO","message":"[10:58:36.503 AM]: Connection[id: ff11a590-bf1a-4771-ab2b-8ef3f3394075] - connected successfully after 11.043899999996938 milliseconds"}
{"level":"INFO","message":"[10:58:36.509 AM]: Creating new connection object"}
{"level":"INFO","message":"[10:58:36.510 AM]: Creating Connection[id: a3230d1a-c15c-4a5b-9389-69fef18e755c] with host: A5725842678961-SOFTWAREONE_SANDBOX.snowflakecomputing.com, account: A5725842678961-SOFTWAREONE_SANDBOX, accessUrl: https://A5725842678961-SOFTWAREONE_SANDBOX.snowflakecomputing.com, user: AKMAL_T, role: sysadmin, database: HR_Automation, schema: PUBLIC, warehouse: MY_WH_RIDHO, proxy was not configured, password is not provided, region: undefined, authenticator: SNOWFLAKE_JWT, ocsp mode: FAIL_OPEN, os: win32, os version: 10."}
{"level":"INFO","message":"[10:58:36.510 AM]: Connection[id: a3230d1a-c15c-4a5b-9389-69fef18e755c] additional details: passcode in password is provided, passcode is not provided, private key is provided, application: undefined, client name: snowflake-sdk, client version: 2.2.0, retry timeout: 300, private key path: undefined, private key pass is not provided, client store temporary credential: false, browser response timeout: 120000"}
{"level":"INFO","message":"[10:58:36.511 AM]: Connection[id: a3230d1a-c15c-4a5b-9389-69fef18e755c] - connection object created successfully."}
{"level":"INFO","message":"[10:58:36.511 AM]: Connection[id: a3230d1a-c15c-4a5b-9389-69fef18e755c] - connecting. Associated Snowflake domain: GLOBAL"}
{"level":"INFO","message":"[10:58:36.515 AM]: Connection[id: a3230d1a-c15c-4a5b-9389-69fef18e755c] - authentication successful using: SNOWFLAKE_JWT"}
{"level":"INFO","message":"[10:58:36.517 AM]: Connection[id: a3230d1a-c15c-4a5b-9389-69fef18e755c] - connected successfully after 5.250700000004144 milliseconds"}
{"level":"INFO","message":"[10:58:36.998 AM]: Creating new connection object"}
{"level":"INFO","message":"[10:58:37.000 AM]: Creating Connection[id: 24161a47-c95a-49db-8de4-fb9e488c9582] with host: A5725842678961-SOFTWAREONE_SANDBOX.snowflakecomputing.com, account: A5725842678961-SOFTWAREONE_SANDBOX, accessUrl: https://A5725842678961-SOFTWAREONE_SANDBOX.snowflakecomputing.com, user: AKMAL_T, role: sysadmin, database: HR_Automation, schema: PUBLIC, warehouse: MY_WH_RIDHO, proxy was not configured, password is not provided, region: undefined, authenticator: SNOWFLAKE_JWT, ocsp mode: FAIL_OPEN, os: win32, os version: 10."}
{"level":"INFO","message":"[10:58:37.000 AM]: Connection[id: 24161a47-c95a-49db-8de4-fb9e488c9582] additional details: passcode in password is provided, passcode is not provided, private key is provided, application: undefined, client name: snowflake-sdk, client version: 2.2.0, retry timeout: 300, private key path: undefined, private key pass is not provided, client store temporary credential: false, browser response timeout: 120000"}
{"level":"INFO","message":"[10:58:37.001 AM]: Connection[id: 24161a47-c95a-49db-8de4-fb9e488c9582] - connection object created successfully."}
{"level":"INFO","message":"[10:58:37.001 AM]: Connection[id: 24161a47-c95a-49db-8de4-fb9e488c9582] - connecting. Associated Snowflake domain: GLOBAL"}
{"level":"INFO","message":"[10:58:37.008 AM]: Connection[id: 24161a47-c95a-49db-8de4-fb9e488c9582] - authentication successful using: SNOWFLAKE_JWT"}
{"level":"INFO","message":"[10:58:37.010 AM]: Connection[id: 24161a47-c95a-49db-8de4-fb9e488c9582] - connected successfully after 8.375599999999395 milliseconds"}
{"level":"INFO","message":"[10:58:37.467 AM]: Creating new connection object"}
{"level":"INFO","message":"[10:58:37.469 AM]: Creating Connection[id: cf642814-5b03-450c-a85a-2a78953ed458] with host: A5725842678961-SOFTWAREONE_SANDBOX.snowflakecomputing.com, account: A5725842678961-SOFTWAREONE_SANDBOX, accessUrl: https://A5725842678961-SOFTWAREONE_SANDBOX.snowflakecomputing.com, user: AKMAL_T, role: sysadmin, database: HR_Automation, schema: PUBLIC, warehouse: MY_WH_RIDHO, proxy was not configured, password is not provided, region: undefined, authenticator: SNOWFLAKE_JWT, ocsp mode: FAIL_OPEN, os: win32, os version: 10."}
{"level":"INFO","message":"[10:58:37.469 AM]: Connection[id: cf642814-5b03-450c-a85a-2a78953ed458] additional details: passcode in password is provided, passcode is not provided, private key is provided, application: undefined, client name: snowflake-sdk, client version: 2.2.0, retry timeout: 300, private key path: undefined, private key pass is not provided, client store temporary credential: false, browser response timeout: 120000"}
{"level":"INFO","message":"[10:58:37.470 AM]: Connection[id: cf642814-5b03-450c-a85a-2a78953ed458] - connection object created successfully."}
{"level":"INFO","message":"[10:58:37.470 AM]: Connection[id: cf642814-5b03-450c-a85a-2a78953ed458] - connecting. Associated Snowflake domain: GLOBAL"}
{"level":"INFO","message":"[10:58:37.473 AM]: Connection[id: cf642814-5b03-450c-a85a-2a78953ed458] - authentication successful using: SNOWFLAKE_JWT"}
{"level":"INFO","message":"[10:58:37.475 AM]: Connection[id: cf642814-5b03-450c-a85a-2a78953ed458] - connected successfully after 4.2629999999990105 milliseconds"}
{"level":"INFO","message":"[10:58:49.226 AM]: Creating new connection object"}
{"level":"INFO","message":"[10:58:49.227 AM]: Creating Connection[id: 8c7197be-81da-4a09-b83d-821ca713b640] with host: A5725842678961-SOFTWAREONE_SANDBOX.snowflakecomputing.com, account: A5725842678961-SOFTWAREONE_SANDBOX, accessUrl: https://A5725842678961-SOFTWAREONE_SANDBOX.snowflakecomputing.com, user: AKMAL_T, role: sysadmin, database: HR_Automation, schema: PUBLIC, warehouse: MY_WH_RIDHO, proxy was not configured, password is not provided, region: undefined, authenticator: SNOWFLAKE_JWT, ocsp mode: FAIL_OPEN, os: win32, os version: 10."}
{"level":"INFO","message":"[10:58:49.227 AM]: Connection[id: 8c7197be-81da-4a09-b83d-821ca713b640] additional details: passcode in password is provided, passcode is not provided, private key is provided, application: undefined, client name: snowflake-sdk, client version: 2.2.0, retry timeout: 300, private key path: undefined, private key pass is not provided, client store temporary credential: false, browser response timeout: 120000"}
{"level":"INFO","message":"[10:58:49.227 AM]: Connection[id: 8c7197be-81da-4a09-b83d-821ca713b640] - connection object created successfully."}
{"level":"INFO","message":"[10:58:49.228 AM]: Connection[id: 8c7197be-81da-4a09-b83d-821ca713b640] - connecting. Associated Snowflake domain: GLOBAL"}
{"level":"INFO","message":"[10:58:49.230 AM]: Connection[id: 8c7197be-81da-4a09-b83d-821ca713b640] - authentication successful using: SNOWFLAKE_JWT"}
{"level":"INFO","message":"[10:58:49.231 AM]: Connection[id: 8c7197be-81da-4a09-b83d-821ca713b640] - connected successfully after 3.5089000000007218 milliseconds"}
{"level":"INFO","message":"[10:58:49.238 AM]: Creating new connection object"}
{"level":"INFO","message":"[10:58:49.239 AM]: Creating Connection[id: 24a0d361-c4d7-4a17-aac8-b17fabe11769] with host: A5725842678961-SOFTWAREONE_SANDBOX.snowflakecomputing.com, account: A5725842678961-SOFTWAREONE_SANDBOX, accessUrl: https://A5725842678961-SOFTWAREONE_SANDBOX.snowflakecomputing.com, user: AKMAL_T, role: sysadmin, database: HR_Automation, schema: PUBLIC, warehouse: MY_WH_RIDHO, proxy was not configured, password is not provided, region: undefined, authenticator: SNOWFLAKE_JWT, ocsp mode: FAIL_OPEN, os: win32, os version: 10."}
{"level":"INFO","message":"[10:58:49.239 AM]: Connection[id: 24a0d361-c4d7-4a17-aac8-b17fabe11769] additional details: passcode in password is provided, passcode is not provided, private key is provided, application: undefined, client name: snowflake-sdk, client version: 2.2.0, retry timeout: 300, private key path: undefined, private key pass is not provided, client store temporary credential: false, browser response timeout: 120000"}
{"level":"INFO","message":"[10:58:49.239 AM]: Connection[id: 24a0d361-c4d7-4a17-aac8-b17fabe11769] - connection object created successfully."}
{"level":"INFO","message":"[10:58:49.239 AM]: Connection[id: 24a0d361-c4d7-4a17-aac8-b17fabe11769] - connecting. Associated Snowflake domain: GLOBAL"}
{"level":"INFO","message":"[10:58:49.241 AM]: Connection[id: 24a0d361-c4d7-4a17-aac8-b17fabe11769] - authentication successful using: SNOWFLAKE_JWT"}
{"level":"INFO","message":"[10:58:49.242 AM]: Connection[id: 24a0d361-c4d7-4a17-aac8-b17fabe11769] - connected successfully after 2.827999999994063 milliseconds"}
{"level":"INFO","message":"[10:58:49.248 AM]: Creating new connection object"}
{"level":"INFO","message":"[10:58:49.248 AM]: Creating Connection[id: 4ce7398e-0078-408c-b80d-65113a473314] with host: A5725842678961-SOFTWAREONE_SANDBOX.snowflakecomputing.com, account: A5725842678961-SOFTWAREONE_SANDBOX, accessUrl: https://A5725842678961-SOFTWAREONE_SANDBOX.snowflakecomputing.com, user: AKMAL_T, role: sysadmin, database: HR_Automation, schema: PUBLIC, warehouse: MY_WH_RIDHO, proxy was not configured, password is not provided, region: undefined, authenticator: SNOWFLAKE_JWT, ocsp mode: FAIL_OPEN, os: win32, os version: 10."}
{"level":"INFO","message":"[10:58:49.249 AM]: Connection[id: 4ce7398e-0078-408c-b80d-65113a473314] additional details: passcode in password is provided, passcode is not provided, private key is provided, application: undefined, client name: snowflake-sdk, client version: 2.2.0, retry timeout: 300, private key path: undefined, private key pass is not provided, client store temporary credential: false, browser response timeout: 120000"}
{"level":"INFO","message":"[10:58:49.249 AM]: Connection[id: 4ce7398e-0078-408c-b80d-65113a473314] - connection object created successfully."}
{"level":"INFO","message":"[10:58:49.249 AM]: Connection[id: 4ce7398e-0078-408c-b80d-65113a473314] - connecting. Associated Snowflake domain: GLOBAL"}
{"level":"INFO","message":"[10:58:49.252 AM]: Connection[id: 4ce7398e-0078-408c-b80d-65113a473314] - authentication successful using: SNOWFLAKE_JWT"}
{"level":"INFO","message":"[10:58:49.253 AM]: Connection[id: 4ce7398e-0078-408c-b80d-65113a473314] - connected successfully after 3.7070000000021537 milliseconds"}
{"level":"INFO","message":"[10:58:49.701 AM]: Creating new connection object"}
{"level":"INFO","message":"[10:58:49.702 AM]: Creating Connection[id: c3cb3070-34f0-4b35-ba44-e5465a4fbd97] with host: A5725842678961-SOFTWAREONE_SANDBOX.snowflakecomputing.com, account: A5725842678961-SOFTWAREONE_SANDBOX, accessUrl: https://A5725842678961-SOFTWAREONE_SANDBOX.snowflakecomputing.com, user: AKMAL_T, role: sysadmin, database: HR_Automation, schema: PUBLIC, warehouse: MY_WH_RIDHO, proxy was not configured, password is not provided, region: undefined, authenticator: SNOWFLAKE_JWT, ocsp mode: FAIL_OPEN, os: win32, os version: 10."}
{"level":"INFO","message":"[10:58:49.702 AM]: Connection[id: c3cb3070-34f0-4b35-ba44-e5465a4fbd97] additional details: passcode in password is provided, passcode is not provided, private key is provided, application: undefined, client name: snowflake-sdk, client version: 2.2.0, retry timeout: 300, private key path: undefined, private key pass is not provided, client store temporary credential: false, browser response timeout: 120000"}
{"level":"INFO","message":"[10:58:49.702 AM]: Connection[id: c3cb3070-34f0-4b35-ba44-e5465a4fbd97] - connection object created successfully."}
{"level":"INFO","message":"[10:58:49.703 AM]: Connection[id: c3cb3070-34f0-4b35-ba44-e5465a4fbd97] - connecting. Associated Snowflake domain: GLOBAL"}
{"level":"INFO","message":"[10:58:49.705 AM]: Connection[id: c3cb3070-34f0-4b35-ba44-e5465a4fbd97] - authentication successful using: SNOWFLAKE_JWT"}
{"level":"INFO","message":"[10:58:49.706 AM]: Connection[id: c3cb3070-34f0-4b35-ba44-e5465a4fbd97] - connected successfully after 3.3294000000023516 milliseconds"}
{"level":"INFO","message":"[10:58:49.710 AM]: Creating new connection object"}
{"level":"INFO","message":"[10:58:49.711 AM]: Creating Connection[id: 863656f4-f00b-432d-8bf6-93bfdf095ede] with host: A5725842678961-SOFTWAREONE_SANDBOX.snowflakecomputing.com, account: A5725842678961-SOFTWAREONE_SANDBOX, accessUrl: https://A5725842678961-SOFTWAREONE_SANDBOX.snowflakecomputing.com, user: AKMAL_T, role: sysadmin, database: HR_Automation, schema: PUBLIC, warehouse: MY_WH_RIDHO, proxy was not configured, password is not provided, region: undefined, authenticator: SNOWFLAKE_JWT, ocsp mode: FAIL_OPEN, os: win32, os version: 10."}
{"level":"INFO","message":"[10:58:49.711 AM]: Connection[id: 863656f4-f00b-432d-8bf6-93bfdf095ede] additional details: passcode in password is provided, passcode is not provided, private key is provided, application: undefined, client name: snowflake-sdk, client version: 2.2.0, retry timeout: 300, private key path: undefined, private key pass is not provided, client store temporary credential: false, browser response timeout: 120000"}
{"level":"INFO","message":"[10:58:49.711 AM]: Connection[id: 863656f4-f00b-432d-8bf6-93bfdf095ede] - connection object created successfully."}
{"level":"INFO","message":"[10:58:49.712 AM]: Connection[id: 863656f4-f00b-432d-8bf6-93bfdf095ede] - connecting. Associated Snowflake domain: GLOBAL"}
{"level":"INFO","message":"[10:58:49.714 AM]: Connection[id: 863656f4-f00b-432d-8bf6-93bfdf095ede] - authentication successful using: SNOWFLAKE_JWT"}
{"level":"INFO","message":"[10:58:49.715 AM]: Connection[id: 863656f4-f00b-432d-8bf6-93bfdf095ede] - connected successfully after 3.3461999999999534 milliseconds"}
{"level":"INFO","message":"[10:58:50.163 AM]: Creating new connection object"}
{"level":"INFO","message":"[10:58:50.164 AM]: Creating Connection[id: 51e9b658-46f9-45ae-936c-5124c8dfdcd8] with host: A5725842678961-SOFTWAREONE_SANDBOX.snowflakecomputing.com, account: A5725842678961-SOFTWAREONE_SANDBOX, accessUrl: https://A5725842678961-SOFTWAREONE_SANDBOX.snowflakecomputing.com, user: AKMAL_T, role: sysadmin, database: HR_Automation, schema: PUBLIC, warehouse: MY_WH_RIDHO, proxy was not configured, password is not provided, region: undefined, authenticator: SNOWFLAKE_JWT, ocsp mode: FAIL_OPEN, os: win32, os version: 10."}
{"level":"INFO","message":"[10:58:50.165 AM]: Connection[id: 51e9b658-46f9-45ae-936c-5124c8dfdcd8] additional details: passcode in password is provided, passcode is not provided, private key is provided, application: undefined, client name: snowflake-sdk, client version: 2.2.0, retry timeout: 300, private key path: undefined, private key pass is not provided, client store temporary credential: false, browser response timeout: 120000"}
{"level":"INFO","message":"[10:58:50.165 AM]: Connection[id: 51e9b658-46f9-45ae-936c-5124c8dfdcd8] - connection object created successfully."}
{"level":"INFO","message":"[10:58:50.165 AM]: Connection[id: 51e9b658-46f9-45ae-936c-5124c8dfdcd8] - connecting. Associated Snowflake domain: GLOBAL"}
{"level":"INFO","message":"[10:58:50.168 AM]: Connection[id: 51e9b658-46f9-45ae-936c-5124c8dfdcd8] - authentication successful using: SNOWFLAKE_JWT"}
{"level":"INFO","message":"[10:58:50.168 AM]: Connection[id: 51e9b658-46f9-45ae-936c-5124c8dfdcd8] - connected successfully after 2.9302000000025146 milliseconds"}
{"level":"INFO","message":"[10:58:50.603 AM]: Creating new connection object"}
{"level":"INFO","message":"[10:58:50.604 AM]: Creating Connection[id: 208dd565-9566-4322-884a-170f2b5f289d] with host: A5725842678961-SOFTWAREONE_SANDBOX.snowflakecomputing.com, account: A5725842678961-SOFTWAREONE_SANDBOX, accessUrl: https://A5725842678961-SOFTWAREONE_SANDBOX.snowflakecomputing.com, user: AKMAL_T, role: sysadmin, database: HR_Automation, schema: PUBLIC, warehouse: MY_WH_RIDHO, proxy was not configured, password is not provided, region: undefined, authenticator: SNOWFLAKE_JWT, ocsp mode: FAIL_OPEN, os: win32, os version: 10."}
{"level":"INFO","message":"[10:58:50.604 AM]: Connection[id: 208dd565-9566-4322-884a-170f2b5f289d] additional details: passcode in password is provided, passcode is not provided, private key is provided, application: undefined, client name: snowflake-sdk, client version: 2.2.0, retry timeout: 300, private key path: undefined, private key pass is not provided, client store temporary credential: false, browser response timeout: 120000"}
{"level":"INFO","message":"[10:58:50.604 AM]: Connection[id: 208dd565-9566-4322-884a-170f2b5f289d] - connection object created successfully."}
{"level":"INFO","message":"[10:58:50.605 AM]: Connection[id: 208dd565-9566-4322-884a-170f2b5f289d] - connecting. Associated Snowflake domain: GLOBAL"}
{"level":"INFO","message":"[10:58:50.607 AM]: Connection[id: 208dd565-9566-4322-884a-170f2b5f289d] - authentication successful using: SNOWFLAKE_JWT"}
{"level":"INFO","message":"[10:58:50.608 AM]: Connection[id: 208dd565-9566-4322-884a-170f2b5f289d] - connected successfully after 3.0675999999948544 milliseconds"}
{"level":"INFO","message":"[10:59:03.323 AM]: Creating new connection object"}
{"level":"INFO","message":"[10:59:03.332 AM]: Creating Connection[id: 3dab4854-ea31-4bed-9cc5-c01663b3bd9c] with host: A5725842678961-SOFTWAREONE_SANDBOX.snowflakecomputing.com, account: A5725842678961-SOFTWAREONE_SANDBOX, accessUrl: https://A5725842678961-SOFTWAREONE_SANDBOX.snowflakecomputing.com, user: AKMAL_T, role: sysadmin, database: HR_Automation, schema: PUBLIC, warehouse: MY_WH_RIDHO, proxy was not configured, password is not provided, region: undefined, authenticator: SNOWFLAKE_JWT, ocsp mode: FAIL_OPEN, os: win32, os version: 10."}
{"level":"INFO","message":"[10:59:03.333 AM]: Connection[id: 3dab4854-ea31-4bed-9cc5-c01663b3bd9c] additional details: passcode in password is provided, passcode is not provided, private key is provided, application: undefined, client name: snowflake-sdk, client version: 2.2.0, retry timeout: 300, private key path: undefined, private key pass is not provided, client store temporary credential: false, browser response timeout: 120000"}
{"level":"INFO","message":"[10:59:03.333 AM]: Connection[id: 3dab4854-ea31-4bed-9cc5-c01663b3bd9c] - connection object created successfully."}
{"level":"INFO","message":"[10:59:03.334 AM]: Connection[id: 3dab4854-ea31-4bed-9cc5-c01663b3bd9c] - connecting. Associated Snowflake domain: GLOBAL"}
{"level":"INFO","message":"[10:59:03.339 AM]: Connection[id: 3dab4854-ea31-4bed-9cc5-c01663b3bd9c] - authentication successful using: SNOWFLAKE_JWT"}
{"level":"INFO","message":"[10:59:03.340 AM]: Trying to initialize Easy Logging"}
{"level":"INFO","message":"[10:59:03.368 AM]: Creating new connection object"}
{"level":"INFO","message":"[10:59:03.369 AM]: Creating Connection[id: bbd22db4-eced-466c-bd11-66e4aff64959] with host: A5725842678961-SOFTWAREONE_SANDBOX.snowflakecomputing.com, account: A5725842678961-SOFTWAREONE_SANDBOX, accessUrl: https://A5725842678961-SOFTWAREONE_SANDBOX.snowflakecomputing.com, user: AKMAL_T, role: sysadmin, database: HR_Automation, schema: PUBLIC, warehouse: MY_WH_RIDHO, proxy was not configured, password is not provided, region: undefined, authenticator: SNOWFLAKE_JWT, ocsp mode: FAIL_OPEN, os: win32, os version: 10."}
{"level":"INFO","message":"[10:59:03.370 AM]: Connection[id: bbd22db4-eced-466c-bd11-66e4aff64959] additional details: passcode in password is provided, passcode is not provided, private key is provided, application: undefined, client name: snowflake-sdk, client version: 2.2.0, retry timeout: 300, private key path: undefined, private key pass is not provided, client store temporary credential: false, browser response timeout: 120000"}
{"level":"INFO","message":"[10:59:03.370 AM]: Connection[id: bbd22db4-eced-466c-bd11-66e4aff64959] - connection object created successfully."}
{"level":"INFO","message":"[10:59:03.370 AM]: Connection[id: bbd22db4-eced-466c-bd11-66e4aff64959] - connecting. Associated Snowflake domain: GLOBAL"}
{"level":"INFO","message":"[10:59:03.373 AM]: Connection[id: bbd22db4-eced-466c-bd11-66e4aff64959] - authentication successful using: SNOWFLAKE_JWT"}
{"level":"INFO","message":"[10:59:03.373 AM]: Trying to initialize Easy Logging"}
{"level":"INFO","message":"[10:59:03.374 AM]: No client config detected."}
{"level":"INFO","message":"[10:59:03.374 AM]: No config file path found. Client config will not be used."}
{"level":"INFO","message":"[10:59:03.374 AM]: Easy Logging is disabled as no config has been found"}
{"level":"INFO","message":"[10:59:03.377 AM]: Connection[id: 3dab4854-ea31-4bed-9cc5-c01663b3bd9c] - connected successfully after 42.98359999999957 milliseconds"}
{"level":"INFO","message":"[10:59:03.385 AM]: No client config detected."}
{"level":"INFO","message":"[10:59:03.385 AM]: No config file path found. Client config will not be used."}
{"level":"INFO","message":"[10:59:03.385 AM]: Easy Logging is disabled as no config has been found"}
{"level":"INFO","message":"[10:59:03.386 AM]: Connection[id: bbd22db4-eced-466c-bd11-66e4aff64959] - connected successfully after 15.995200000001205 milliseconds"}
{"level":"INFO","message":"[11:02:09.157 AM]: Creating new connection object"}
{"level":"INFO","message":"[11:02:09.158 AM]: Creating Connection[id: f98971d1-fce7-4365-b747-4e1e607d234d] with host: A5725842678961-SOFTWAREONE_SANDBOX.snowflakecomputing.com, account: A5725842678961-SOFTWAREONE_SANDBOX, accessUrl: https://A5725842678961-SOFTWAREONE_SANDBOX.snowflakecomputing.com, user: AKMAL_T, role: sysadmin, database: HR_Automation, schema: PUBLIC, warehouse: MY_WH_RIDHO, proxy was not configured, password is not provided, region: undefined, authenticator: SNOWFLAKE_JWT, ocsp mode: FAIL_OPEN, os: win32, os version: 10."}
{"level":"INFO","message":"[11:02:09.159 AM]: Connection[id: f98971d1-fce7-4365-b747-4e1e607d234d] additional details: passcode in password is provided, passcode is not provided, private key is provided, application: undefined, client name: snowflake-sdk, client version: 2.2.0, retry timeout: 300, private key path: undefined, private key pass is not provided, client store temporary credential: false, browser response timeout: 120000"}
{"level":"INFO","message":"[11:02:09.159 AM]: Connection[id: f98971d1-fce7-4365-b747-4e1e607d234d] - connection object created successfully."}
{"level":"INFO","message":"[11:02:09.159 AM]: Connection[id: f98971d1-fce7-4365-b747-4e1e607d234d] - connecting. Associated Snowflake domain: GLOBAL"}
{"level":"INFO","message":"[11:02:09.165 AM]: Connection[id: f98971d1-fce7-4365-b747-4e1e607d234d] - authentication successful using: SNOWFLAKE_JWT"}
{"level":"INFO","message":"[11:02:09.167 AM]: Connection[id: f98971d1-fce7-4365-b747-4e1e607d234d] - connected successfully after 7.686100000020815 milliseconds"}
{"level":"INFO","message":"[11:02:09.201 AM]: Creating new connection object"}
{"level":"INFO","message":"[11:02:09.202 AM]: Creating Connection[id: c31531ff-e6fc-4dce-a78c-99d8d7e6640e] with host: A5725842678961-SOFTWAREONE_SANDBOX.snowflakecomputing.com, account: A5725842678961-SOFTWAREONE_SANDBOX, accessUrl: https://A5725842678961-SOFTWAREONE_SANDBOX.snowflakecomputing.com, user: AKMAL_T, role: sysadmin, database: HR_Automation, schema: PUBLIC, warehouse: MY_WH_RIDHO, proxy was not configured, password is not provided, region: undefined, authenticator: SNOWFLAKE_JWT, ocsp mode: FAIL_OPEN, os: win32, os version: 10."}
{"level":"INFO","message":"[11:02:09.202 AM]: Connection[id: c31531ff-e6fc-4dce-a78c-99d8d7e6640e] additional details: passcode in password is provided, passcode is not provided, private key is provided, application: undefined, client name: snowflake-sdk, client version: 2.2.0, retry timeout: 300, private key path: undefined, private key pass is not provided, client store temporary credential: false, browser response timeout: 120000"}
{"level":"INFO","message":"[11:02:09.202 AM]: Connection[id: c31531ff-e6fc-4dce-a78c-99d8d7e6640e] - connection object created successfully."}
{"level":"INFO","message":"[11:02:09.203 AM]: Connection[id: c31531ff-e6fc-4dce-a78c-99d8d7e6640e] - connecting. Associated Snowflake domain: GLOBAL"}
{"level":"INFO","message":"[11:02:09.209 AM]: Connection[id: c31531ff-e6fc-4dce-a78c-99d8d7e6640e] - authentication successful using: SNOWFLAKE_JWT"}
{"level":"INFO","message":"[11:02:09.210 AM]: Connection[id: c31531ff-e6fc-4dce-a78c-99d8d7e6640e] - connected successfully after 7.220300000015413 milliseconds"}
{"level":"INFO","message":"[11:02:55.470 AM]: Creating new connection object"}
{"level":"INFO","message":"[11:02:55.477 AM]: Creating Connection[id: 6192168e-f432-4983-b1b2-afd745a0a94b] with host: A5725842678961-SOFTWAREONE_SANDBOX.snowflakecomputing.com, account: A5725842678961-SOFTWAREONE_SANDBOX, accessUrl: https://A5725842678961-SOFTWAREONE_SANDBOX.snowflakecomputing.com, user: AKMAL_T, role: sysadmin, database: HR_Automation, schema: PUBLIC, warehouse: MY_WH_RIDHO, proxy was not configured, password is not provided, region: undefined, authenticator: SNOWFLAKE_JWT, ocsp mode: FAIL_OPEN, os: win32, os version: 10."}
{"level":"INFO","message":"[11:02:55.478 AM]: Connection[id: 6192168e-f432-4983-b1b2-afd745a0a94b] additional details: passcode in password is provided, passcode is not provided, private key is provided, application: undefined, client name: snowflake-sdk, client version: 2.2.0, retry timeout: 300, private key path: undefined, private key pass is not provided, client store temporary credential: false, browser response timeout: 120000"}
{"level":"INFO","message":"[11:02:55.478 AM]: Connection[id: 6192168e-f432-4983-b1b2-afd745a0a94b] - connection object created successfully."}
{"level":"INFO","message":"[11:02:55.479 AM]: Connection[id: 6192168e-f432-4983-b1b2-afd745a0a94b] - connecting. Associated Snowflake domain: GLOBAL"}
{"level":"INFO","message":"[11:02:55.482 AM]: Connection[id: 6192168e-f432-4983-b1b2-afd745a0a94b] - authentication successful using: SNOWFLAKE_JWT"}
{"level":"INFO","message":"[11:02:55.482 AM]: Trying to initialize Easy Logging"}
{"level":"INFO","message":"[11:02:55.484 AM]: No client config detected."}
{"level":"INFO","message":"[11:02:55.485 AM]: No config file path found. Client config will not be used."}
{"level":"INFO","message":"[11:02:55.485 AM]: Easy Logging is disabled as no config has been found"}
{"level":"INFO","message":"[11:02:55.486 AM]: Connection[id: 6192168e-f432-4983-b1b2-afd745a0a94b] - connected successfully after 7.815800000011222 milliseconds"}
{"level":"INFO","message":"[11:02:58.670 AM]: Creating new connection object"}
{"level":"INFO","message":"[11:02:58.671 AM]: Creating Connection[id: 50772c50-d8f8-4572-a55f-ad0204effee2] with host: A5725842678961-SOFTWAREONE_SANDBOX.snowflakecomputing.com, account: A5725842678961-SOFTWAREONE_SANDBOX, accessUrl: https://A5725842678961-SOFTWAREONE_SANDBOX.snowflakecomputing.com, user: AKMAL_T, role: sysadmin, database: HR_Automation, schema: PUBLIC, warehouse: MY_WH_RIDHO, proxy was not configured, password is not provided, region: undefined, authenticator: SNOWFLAKE_JWT, ocsp mode: FAIL_OPEN, os: win32, os version: 10."}
{"level":"INFO","message":"[11:02:58.671 AM]: Connection[id: 50772c50-d8f8-4572-a55f-ad0204effee2] additional details: passcode in password is provided, passcode is not provided, private key is provided, application: undefined, client name: snowflake-sdk, client version: 2.2.0, retry timeout: 300, private key path: undefined, private key pass is not provided, client store temporary credential: false, browser response timeout: 120000"}
{"level":"INFO","message":"[11:02:58.671 AM]: Connection[id: 50772c50-d8f8-4572-a55f-ad0204effee2] - connection object created successfully."}
{"level":"INFO","message":"[11:02:58.672 AM]: Connection[id: 50772c50-d8f8-4572-a55f-ad0204effee2] - connecting. Associated Snowflake domain: GLOBAL"}
{"level":"INFO","message":"[11:02:58.675 AM]: Connection[id: 50772c50-d8f8-4572-a55f-ad0204effee2] - authentication successful using: SNOWFLAKE_JWT"}
{"level":"INFO","message":"[11:02:58.676 AM]: Connection[id: 50772c50-d8f8-4572-a55f-ad0204effee2] - connected successfully after 4.270099999994272 milliseconds"}
{"level":"INFO","message":"[11:02:59.213 AM]: Creating new connection object"}
{"level":"INFO","message":"[11:02:59.214 AM]: Creating Connection[id: 9ebf11ef-1cb9-4bb3-815f-b796c3376699] with host: A5725842678961-SOFTWAREONE_SANDBOX.snowflakecomputing.com, account: A5725842678961-SOFTWAREONE_SANDBOX, accessUrl: https://A5725842678961-SOFTWAREONE_SANDBOX.snowflakecomputing.com, user: AKMAL_T, role: sysadmin, database: HR_Automation, schema: PUBLIC, warehouse: MY_WH_RIDHO, proxy was not configured, password is not provided, region: undefined, authenticator: SNOWFLAKE_JWT, ocsp mode: FAIL_OPEN, os: win32, os version: 10."}
{"level":"INFO","message":"[11:02:59.214 AM]: Connection[id: 9ebf11ef-1cb9-4bb3-815f-b796c3376699] additional details: passcode in password is provided, passcode is not provided, private key is provided, application: undefined, client name: snowflake-sdk, client version: 2.2.0, retry timeout: 300, private key path: undefined, private key pass is not provided, client store temporary credential: false, browser response timeout: 120000"}
{"level":"INFO","message":"[11:02:59.215 AM]: Connection[id: 9ebf11ef-1cb9-4bb3-815f-b796c3376699] - connection object created successfully."}
{"level":"INFO","message":"[11:02:59.215 AM]: Connection[id: 9ebf11ef-1cb9-4bb3-815f-b796c3376699] - connecting. Associated Snowflake domain: GLOBAL"}
{"level":"INFO","message":"[11:02:59.218 AM]: Connection[id: 9ebf11ef-1cb9-4bb3-815f-b796c3376699] - authentication successful using: SNOWFLAKE_JWT"}
{"level":"INFO","message":"[11:02:59.219 AM]: Connection[id: 9ebf11ef-1cb9-4bb3-815f-b796c3376699] - connected successfully after 3.9213999999919906 milliseconds"}
{"level":"INFO","message":"[11:02:59.750 AM]: Creating new connection object"}
{"level":"INFO","message":"[11:02:59.751 AM]: Creating Connection[id: 4b10c53c-b9ce-43ad-b814-bdf2fb88d767] with host: A5725842678961-SOFTWAREONE_SANDBOX.snowflakecomputing.com, account: A5725842678961-SOFTWAREONE_SANDBOX, accessUrl: https://A5725842678961-SOFTWAREONE_SANDBOX.snowflakecomputing.com, user: AKMAL_T, role: sysadmin, database: HR_Automation, schema: PUBLIC, warehouse: MY_WH_RIDHO, proxy was not configured, password is not provided, region: undefined, authenticator: SNOWFLAKE_JWT, ocsp mode: FAIL_OPEN, os: win32, os version: 10."}
{"level":"INFO","message":"[11:02:59.752 AM]: Connection[id: 4b10c53c-b9ce-43ad-b814-bdf2fb88d767] additional details: passcode in password is provided, passcode is not provided, private key is provided, application: undefined, client name: snowflake-sdk, client version: 2.2.0, retry timeout: 300, private key path: undefined, private key pass is not provided, client store temporary credential: false, browser response timeout: 120000"}
{"level":"INFO","message":"[11:02:59.752 AM]: Connection[id: 4b10c53c-b9ce-43ad-b814-bdf2fb88d767] - connection object created successfully."}
{"level":"INFO","message":"[11:02:59.753 AM]: Connection[id: 4b10c53c-b9ce-43ad-b814-bdf2fb88d767] - connecting. Associated Snowflake domain: GLOBAL"}
{"level":"INFO","message":"[11:02:59.756 AM]: Connection[id: 4b10c53c-b9ce-43ad-b814-bdf2fb88d767] - authentication successful using: SNOWFLAKE_JWT"}
{"level":"INFO","message":"[11:02:59.757 AM]: Connection[id: 4b10c53c-b9ce-43ad-b814-bdf2fb88d767] - connected successfully after 3.8646000000007916 milliseconds"}
{"level":"INFO","message":"[11:03:03.479 AM]: Creating new connection object"}
{"level":"INFO","message":"[11:03:03.480 AM]: Creating Connection[id: 8f2fd046-eb68-4f6e-8459-c4c7cfe7b1bc] with host: A5725842678961-SOFTWAREONE_SANDBOX.snowflakecomputing.com, account: A5725842678961-SOFTWAREONE_SANDBOX, accessUrl: https://A5725842678961-SOFTWAREONE_SANDBOX.snowflakecomputing.com, user: AKMAL_T, role: sysadmin, database: HR_Automation, schema: PUBLIC, warehouse: MY_WH_RIDHO, proxy was not configured, password is not provided, region: undefined, authenticator: SNOWFLAKE_JWT, ocsp mode: FAIL_OPEN, os: win32, os version: 10."}
{"level":"INFO","message":"[11:03:03.481 AM]: Connection[id: 8f2fd046-eb68-4f6e-8459-c4c7cfe7b1bc] additional details: passcode in password is provided, passcode is not provided, private key is provided, application: undefined, client name: snowflake-sdk, client version: 2.2.0, retry timeout: 300, private key path: undefined, private key pass is not provided, client store temporary credential: false, browser response timeout: 120000"}
{"level":"INFO","message":"[11:03:03.481 AM]: Connection[id: 8f2fd046-eb68-4f6e-8459-c4c7cfe7b1bc] - connection object created successfully."}
{"level":"INFO","message":"[11:03:03.482 AM]: Connection[id: 8f2fd046-eb68-4f6e-8459-c4c7cfe7b1bc] - connecting. Associated Snowflake domain: GLOBAL"}
{"level":"INFO","message":"[11:03:03.484 AM]: Connection[id: 8f2fd046-eb68-4f6e-8459-c4c7cfe7b1bc] - authentication successful using: SNOWFLAKE_JWT"}
{"level":"INFO","message":"[11:03:03.485 AM]: Connection[id: 8f2fd046-eb68-4f6e-8459-c4c7cfe7b1bc] - connected successfully after 3.7776000000012573 milliseconds"}
{"level":"INFO","message":"[11:03:03.928 AM]: Creating new connection object"}
{"level":"INFO","message":"[11:03:03.929 AM]: Creating Connection[id: 364ac374-022e-4dcc-997a-63644e4b4a86] with host: A5725842678961-SOFTWAREONE_SANDBOX.snowflakecomputing.com, account: A5725842678961-SOFTWAREONE_SANDBOX, accessUrl: https://A5725842678961-SOFTWAREONE_SANDBOX.snowflakecomputing.com, user: AKMAL_T, role: sysadmin, database: HR_Automation, schema: PUBLIC, warehouse: MY_WH_RIDHO, proxy was not configured, password is not provided, region: undefined, authenticator: SNOWFLAKE_JWT, ocsp mode: FAIL_OPEN, os: win32, os version: 10."}
{"level":"INFO","message":"[11:03:03.929 AM]: Connection[id: 364ac374-022e-4dcc-997a-63644e4b4a86] additional details: passcode in password is provided, passcode is not provided, private key is provided, application: undefined, client name: snowflake-sdk, client version: 2.2.0, retry timeout: 300, private key path: undefined, private key pass is not provided, client store temporary credential: false, browser response timeout: 120000"}
{"level":"INFO","message":"[11:03:03.930 AM]: Connection[id: 364ac374-022e-4dcc-997a-63644e4b4a86] - connection object created successfully."}
{"level":"INFO","message":"[11:03:03.930 AM]: Connection[id: 364ac374-022e-4dcc-997a-63644e4b4a86] - connecting. Associated Snowflake domain: GLOBAL"}
{"level":"INFO","message":"[11:03:03.933 AM]: Connection[id: 364ac374-022e-4dcc-997a-63644e4b4a86] - authentication successful using: SNOWFLAKE_JWT"}
{"level":"INFO","message":"[11:03:03.934 AM]: Connection[id: 364ac374-022e-4dcc-997a-63644e4b4a86] - connected successfully after 4.236700000008568 milliseconds"}
{"level":"INFO","message":"[11:03:13.267 AM]: Creating new connection object"}
{"level":"INFO","message":"[11:03:13.268 AM]: Creating Connection[id: 8bbcab8b-adf9-4ca9-805a-0fe43549b661] with host: A5725842678961-SOFTWAREONE_SANDBOX.snowflakecomputing.com, account: A5725842678961-SOFTWAREONE_SANDBOX, accessUrl: https://A5725842678961-SOFTWAREONE_SANDBOX.snowflakecomputing.com, user: AKMAL_T, role: sysadmin, database: HR_Automation, schema: PUBLIC, warehouse: MY_WH_RIDHO, proxy was not configured, password is not provided, region: undefined, authenticator: SNOWFLAKE_JWT, ocsp mode: FAIL_OPEN, os: win32, os version: 10."}
{"level":"INFO","message":"[11:03:13.268 AM]: Connection[id: 8bbcab8b-adf9-4ca9-805a-0fe43549b661] additional details: passcode in password is provided, passcode is not provided, private key is provided, application: undefined, client name: snowflake-sdk, client version: 2.2.0, retry timeout: 300, private key path: undefined, private key pass is not provided, client store temporary credential: false, browser response timeout: 120000"}
{"level":"INFO","message":"[11:03:13.268 AM]: Connection[id: 8bbcab8b-adf9-4ca9-805a-0fe43549b661] - connection object created successfully."}
{"level":"INFO","message":"[11:03:13.269 AM]: Connection[id: 8bbcab8b-adf9-4ca9-805a-0fe43549b661] - connecting. Associated Snowflake domain: GLOBAL"}
{"level":"INFO","message":"[11:03:13.271 AM]: Connection[id: 8bbcab8b-adf9-4ca9-805a-0fe43549b661] - authentication successful using: SNOWFLAKE_JWT"}
{"level":"INFO","message":"[11:03:13.272 AM]: Connection[id: 8bbcab8b-adf9-4ca9-805a-0fe43549b661] - connected successfully after 2.9994000000006054 milliseconds"}
{"level":"INFO","message":"[11:03:13.756 AM]: Creating new connection object"}
{"level":"INFO","message":"[11:03:13.757 AM]: Creating Connection[id: 6738e351-051f-41a8-a5d4-11373539735a] with host: A5725842678961-SOFTWAREONE_SANDBOX.snowflakecomputing.com, account: A5725842678961-SOFTWAREONE_SANDBOX, accessUrl: https://A5725842678961-SOFTWAREONE_SANDBOX.snowflakecomputing.com, user: AKMAL_T, role: sysadmin, database: HR_Automation, schema: PUBLIC, warehouse: MY_WH_RIDHO, proxy was not configured, password is not provided, region: undefined, authenticator: SNOWFLAKE_JWT, ocsp mode: FAIL_OPEN, os: win32, os version: 10."}
{"level":"INFO","message":"[11:03:13.757 AM]: Connection[id: 6738e351-051f-41a8-a5d4-11373539735a] additional details: passcode in password is provided, passcode is not provided, private key is provided, application: undefined, client name: snowflake-sdk, client version: 2.2.0, retry timeout: 300, private key path: undefined, private key pass is not provided, client store temporary credential: false, browser response timeout: 120000"}
{"level":"INFO","message":"[11:03:13.757 AM]: Connection[id: 6738e351-051f-41a8-a5d4-11373539735a] - connection object created successfully."}
{"level":"INFO","message":"[11:03:13.758 AM]: Connection[id: 6738e351-051f-41a8-a5d4-11373539735a] - connecting. Associated Snowflake domain: GLOBAL"}
{"level":"INFO","message":"[11:03:13.760 AM]: Connection[id: 6738e351-051f-41a8-a5d4-11373539735a] - authentication successful using: SNOWFLAKE_JWT"}
{"level":"INFO","message":"[11:03:13.762 AM]: Connection[id: 6738e351-051f-41a8-a5d4-11373539735a] - connected successfully after 4.824099999997998 milliseconds"}
{"level":"INFO","message":"[11:03:14.208 AM]: Creating new connection object"}
{"level":"INFO","message":"[11:03:14.209 AM]: Creating Connection[id: 1b3cc4fb-615f-4157-ade4-01ba3c16b38b] with host: A5725842678961-SOFTWAREONE_SANDBOX.snowflakecomputing.com, account: A5725842678961-SOFTWAREONE_SANDBOX, accessUrl: https://A5725842678961-SOFTWAREONE_SANDBOX.snowflakecomputing.com, user: AKMAL_T, role: sysadmin, database: HR_Automation, schema: PUBLIC, warehouse: MY_WH_RIDHO, proxy was not configured, password is not provided, region: undefined, authenticator: SNOWFLAKE_JWT, ocsp mode: FAIL_OPEN, os: win32, os version: 10."}
{"level":"INFO","message":"[11:03:14.209 AM]: Connection[id: 1b3cc4fb-615f-4157-ade4-01ba3c16b38b] additional details: passcode in password is provided, passcode is not provided, private key is provided, application: undefined, client name: snowflake-sdk, client version: 2.2.0, retry timeout: 300, private key path: undefined, private key pass is not provided, client store temporary credential: false, browser response timeout: 120000"}
{"level":"INFO","message":"[11:03:14.210 AM]: Connection[id: 1b3cc4fb-615f-4157-ade4-01ba3c16b38b] - connection object created successfully."}
{"level":"INFO","message":"[11:03:14.210 AM]: Connection[id: 1b3cc4fb-615f-4157-ade4-01ba3c16b38b] - connecting. Associated Snowflake domain: GLOBAL"}
{"level":"INFO","message":"[11:03:14.213 AM]: Connection[id: 1b3cc4fb-615f-4157-ade4-01ba3c16b38b] - authentication successful using: SNOWFLAKE_JWT"}
{"level":"INFO","message":"[11:03:14.214 AM]: Connection[id: 1b3cc4fb-615f-4157-ade4-01ba3c16b38b] - connected successfully after 4.250099999975646 milliseconds"}
{"level":"INFO","message":"[11:03:14.647 AM]: Creating new connection object"}
{"level":"INFO","message":"[11:03:14.648 AM]: Creating Connection[id: 0b4ee98f-fc13-43e5-a61c-38a7f82b7f25] with host: A5725842678961-SOFTWAREONE_SANDBOX.snowflakecomputing.com, account: A5725842678961-SOFTWAREONE_SANDBOX, accessUrl: https://A5725842678961-SOFTWAREONE_SANDBOX.snowflakecomputing.com, user: AKMAL_T, role: sysadmin, database: HR_Automation, schema: PUBLIC, warehouse: MY_WH_RIDHO, proxy was not configured, password is not provided, region: undefined, authenticator: SNOWFLAKE_JWT, ocsp mode: FAIL_OPEN, os: win32, os version: 10."}
{"level":"INFO","message":"[11:03:14.649 AM]: Connection[id: 0b4ee98f-fc13-43e5-a61c-38a7f82b7f25] additional details: passcode in password is provided, passcode is not provided, private key is provided, application: undefined, client name: snowflake-sdk, client version: 2.2.0, retry timeout: 300, private key path: undefined, private key pass is not provided, client store temporary credential: false, browser response timeout: 120000"}
{"level":"INFO","message":"[11:03:14.649 AM]: Connection[id: 0b4ee98f-fc13-43e5-a61c-38a7f82b7f25] - connection object created successfully."}
{"level":"INFO","message":"[11:03:14.649 AM]: Connection[id: 0b4ee98f-fc13-43e5-a61c-38a7f82b7f25] - connecting. Associated Snowflake domain: GLOBAL"}
{"level":"INFO","message":"[11:03:14.652 AM]: Connection[id: 0b4ee98f-fc13-43e5-a61c-38a7f82b7f25] - authentication successful using: SNOWFLAKE_JWT"}
{"level":"INFO","message":"[11:03:14.652 AM]: Connection[id: 0b4ee98f-fc13-43e5-a61c-38a7f82b7f25] - connected successfully after 2.906100000021979 milliseconds"}
{"level":"INFO","message":"[11:03:33.219 AM]: Creating new connection object"}
{"level":"INFO","message":"[11:03:33.220 AM]: Creating Connection[id: bb2fdad1-585c-4c51-9ca9-2d182e986edd] with host: A5725842678961-SOFTWAREONE_SANDBOX.snowflakecomputing.com, account: A5725842678961-SOFTWAREONE_SANDBOX, accessUrl: https://A5725842678961-SOFTWAREONE_SANDBOX.snowflakecomputing.com, user: AKMAL_T, role: sysadmin, database: HR_Automation, schema: PUBLIC, warehouse: MY_WH_RIDHO, proxy was not configured, password is not provided, region: undefined, authenticator: SNOWFLAKE_JWT, ocsp mode: FAIL_OPEN, os: win32, os version: 10."}
{"level":"INFO","message":"[11:03:33.221 AM]: Connection[id: bb2fdad1-585c-4c51-9ca9-2d182e986edd] additional details: passcode in password is provided, passcode is not provided, private key is provided, application: undefined, client name: snowflake-sdk, client version: 2.2.0, retry timeout: 300, private key path: undefined, private key pass is not provided, client store temporary credential: false, browser response timeout: 120000"}
{"level":"INFO","message":"[11:03:33.221 AM]: Connection[id: bb2fdad1-585c-4c51-9ca9-2d182e986edd] - connection object created successfully."}
{"level":"INFO","message":"[11:03:33.221 AM]: Connection[id: bb2fdad1-585c-4c51-9ca9-2d182e986edd] - connecting. Associated Snowflake domain: GLOBAL"}
{"level":"INFO","message":"[11:03:33.224 AM]: Connection[id: bb2fdad1-585c-4c51-9ca9-2d182e986edd] - authentication successful using: SNOWFLAKE_JWT"}
{"level":"INFO","message":"[11:03:33.225 AM]: Connection[id: bb2fdad1-585c-4c51-9ca9-2d182e986edd] - connected successfully after 4.030499999993481 milliseconds"}
{"level":"INFO","message":"[11:03:33.685 AM]: Creating new connection object"}
{"level":"INFO","message":"[11:03:33.686 AM]: Creating Connection[id: e6c3552f-0394-4866-ba95-8ffea324a7ae] with host: A5725842678961-SOFTWAREONE_SANDBOX.snowflakecomputing.com, account: A5725842678961-SOFTWAREONE_SANDBOX, accessUrl: https://A5725842678961-SOFTWAREONE_SANDBOX.snowflakecomputing.com, user: AKMAL_T, role: sysadmin, database: HR_Automation, schema: PUBLIC, warehouse: MY_WH_RIDHO, proxy was not configured, password is not provided, region: undefined, authenticator: SNOWFLAKE_JWT, ocsp mode: FAIL_OPEN, os: win32, os version: 10."}
{"level":"INFO","message":"[11:03:33.686 AM]: Connection[id: e6c3552f-0394-4866-ba95-8ffea324a7ae] additional details: passcode in password is provided, passcode is not provided, private key is provided, application: undefined, client name: snowflake-sdk, client version: 2.2.0, retry timeout: 300, private key path: undefined, private key pass is not provided, client store temporary credential: false, browser response timeout: 120000"}
{"level":"INFO","message":"[11:03:33.686 AM]: Connection[id: e6c3552f-0394-4866-ba95-8ffea324a7ae] - connection object created successfully."}
{"level":"INFO","message":"[11:03:33.686 AM]: Connection[id: e6c3552f-0394-4866-ba95-8ffea324a7ae] - connecting. Associated Snowflake domain: GLOBAL"}
{"level":"INFO","message":"[11:03:33.689 AM]: Connection[id: e6c3552f-0394-4866-ba95-8ffea324a7ae] - authentication successful using: SNOWFLAKE_JWT"}
{"level":"INFO","message":"[11:03:33.690 AM]: Connection[id: e6c3552f-0394-4866-ba95-8ffea324a7ae] - connected successfully after 3.775900000007823 milliseconds"}
{"level":"INFO","message":"[11:03:40.853 AM]: Creating new connection object"}
{"level":"INFO","message":"[11:03:40.854 AM]: Creating Connection[id: 69dc0675-e8e4-4e3f-aed9-298e78a70f2f] with host: A5725842678961-SOFTWAREONE_SANDBOX.snowflakecomputing.com, account: A5725842678961-SOFTWAREONE_SANDBOX, accessUrl: https://A5725842678961-SOFTWAREONE_SANDBOX.snowflakecomputing.com, user: AKMAL_T, role: sysadmin, database: HR_Automation, schema: PUBLIC, warehouse: MY_WH_RIDHO, proxy was not configured, password is not provided, region: undefined, authenticator: SNOWFLAKE_JWT, ocsp mode: FAIL_OPEN, os: win32, os version: 10."}
{"level":"INFO","message":"[11:03:40.855 AM]: Connection[id: 69dc0675-e8e4-4e3f-aed9-298e78a70f2f] additional details: passcode in password is provided, passcode is not provided, private key is provided, application: undefined, client name: snowflake-sdk, client version: 2.2.0, retry timeout: 300, private key path: undefined, private key pass is not provided, client store temporary credential: false, browser response timeout: 120000"}
{"level":"INFO","message":"[11:03:40.855 AM]: Connection[id: 69dc0675-e8e4-4e3f-aed9-298e78a70f2f] - connection object created successfully."}
{"level":"INFO","message":"[11:03:40.855 AM]: Connection[id: 69dc0675-e8e4-4e3f-aed9-298e78a70f2f] - connecting. Associated Snowflake domain: GLOBAL"}
{"level":"INFO","message":"[11:03:40.858 AM]: Connection[id: 69dc0675-e8e4-4e3f-aed9-298e78a70f2f] - authentication successful using: SNOWFLAKE_JWT"}
{"level":"INFO","message":"[11:03:40.858 AM]: Connection[id: 69dc0675-e8e4-4e3f-aed9-298e78a70f2f] - connected successfully after 3.065699999977369 milliseconds"}
{"level":"INFO","message":"[11:03:41.368 AM]: Creating new connection object"}
{"level":"INFO","message":"[11:03:41.369 AM]: Creating Connection[id: 7dfcce7b-b586-4442-a2b4-9556787fce9f] with host: A5725842678961-SOFTWAREONE_SANDBOX.snowflakecomputing.com, account: A5725842678961-SOFTWAREONE_SANDBOX, accessUrl: https://A5725842678961-SOFTWAREONE_SANDBOX.snowflakecomputing.com, user: AKMAL_T, role: sysadmin, database: HR_Automation, schema: PUBLIC, warehouse: MY_WH_RIDHO, proxy was not configured, password is not provided, region: undefined, authenticator: SNOWFLAKE_JWT, ocsp mode: FAIL_OPEN, os: win32, os version: 10."}
{"level":"INFO","message":"[11:03:41.369 AM]: Connection[id: 7dfcce7b-b586-4442-a2b4-9556787fce9f] additional details: passcode in password is provided, passcode is not provided, private key is provided, application: undefined, client name: snowflake-sdk, client version: 2.2.0, retry timeout: 300, private key path: undefined, private key pass is not provided, client store temporary credential: false, browser response timeout: 120000"}
{"level":"INFO","message":"[11:03:41.369 AM]: Connection[id: 7dfcce7b-b586-4442-a2b4-9556787fce9f] - connection object created successfully."}
{"level":"INFO","message":"[11:03:41.370 AM]: Connection[id: 7dfcce7b-b586-4442-a2b4-9556787fce9f] - connecting. Associated Snowflake domain: GLOBAL"}
{"level":"INFO","message":"[11:03:41.372 AM]: Connection[id: 7dfcce7b-b586-4442-a2b4-9556787fce9f] - authentication successful using: SNOWFLAKE_JWT"}
{"level":"INFO","message":"[11:03:41.373 AM]: Connection[id: 7dfcce7b-b586-4442-a2b4-9556787fce9f] - connected successfully after 3.4985999999917112 milliseconds"}
{"level":"INFO","message":"[11:03:41.808 AM]: Creating new connection object"}
{"level":"INFO","message":"[11:03:41.809 AM]: Creating Connection[id: f9748e43-ebbc-44d0-88e8-fcae4089eb28] with host: A5725842678961-SOFTWAREONE_SANDBOX.snowflakecomputing.com, account: A5725842678961-SOFTWAREONE_SANDBOX, accessUrl: https://A5725842678961-SOFTWAREONE_SANDBOX.snowflakecomputing.com, user: AKMAL_T, role: sysadmin, database: HR_Automation, schema: PUBLIC, warehouse: MY_WH_RIDHO, proxy was not configured, password is not provided, region: undefined, authenticator: SNOWFLAKE_JWT, ocsp mode: FAIL_OPEN, os: win32, os version: 10."}
{"level":"INFO","message":"[11:03:41.809 AM]: Connection[id: f9748e43-ebbc-44d0-88e8-fcae4089eb28] additional details: passcode in password is provided, passcode is not provided, private key is provided, application: undefined, client name: snowflake-sdk, client version: 2.2.0, retry timeout: 300, private key path: undefined, private key pass is not provided, client store temporary credential: false, browser response timeout: 120000"}
{"level":"INFO","message":"[11:03:41.810 AM]: Connection[id: f9748e43-ebbc-44d0-88e8-fcae4089eb28] - connection object created successfully."}
{"level":"INFO","message":"[11:03:41.810 AM]: Connection[id: f9748e43-ebbc-44d0-88e8-fcae4089eb28] - connecting. Associated Snowflake domain: GLOBAL"}
{"level":"INFO","message":"[11:03:41.812 AM]: Connection[id: f9748e43-ebbc-44d0-88e8-fcae4089eb28] - authentication successful using: SNOWFLAKE_JWT"}
{"level":"INFO","message":"[11:03:41.813 AM]: Connection[id: f9748e43-ebbc-44d0-88e8-fcae4089eb28] - connected successfully after 3.2850999999791384 milliseconds"}
{"level":"INFO","message":"[11:03:42.290 AM]: Creating new connection object"}
{"level":"INFO","message":"[11:03:42.291 AM]: Creating Connection[id: 3d1e2d88-a5f4-44c5-b97e-79a55397cb66] with host: A5725842678961-SOFTWAREONE_SANDBOX.snowflakecomputing.com, account: A5725842678961-SOFTWAREONE_SANDBOX, accessUrl: https://A5725842678961-SOFTWAREONE_SANDBOX.snowflakecomputing.com, user: AKMAL_T, role: sysadmin, database: HR_Automation, schema: PUBLIC, warehouse: MY_WH_RIDHO, proxy was not configured, password is not provided, region: undefined, authenticator: SNOWFLAKE_JWT, ocsp mode: FAIL_OPEN, os: win32, os version: 10."}
{"level":"INFO","message":"[11:03:42.292 AM]: Connection[id: 3d1e2d88-a5f4-44c5-b97e-79a55397cb66] additional details: passcode in password is provided, passcode is not provided, private key is provided, application: undefined, client name: snowflake-sdk, client version: 2.2.0, retry timeout: 300, private key path: undefined, private key pass is not provided, client store temporary credential: false, browser response timeout: 120000"}
{"level":"INFO","message":"[11:03:42.292 AM]: Connection[id: 3d1e2d88-a5f4-44c5-b97e-79a55397cb66] - connection object created successfully."}
{"level":"INFO","message":"[11:03:42.292 AM]: Connection[id: 3d1e2d88-a5f4-44c5-b97e-79a55397cb66] - connecting. Associated Snowflake domain: GLOBAL"}
{"level":"INFO","message":"[11:03:42.295 AM]: Connection[id: 3d1e2d88-a5f4-44c5-b97e-79a55397cb66] - authentication successful using: SNOWFLAKE_JWT"}
{"level":"INFO","message":"[11:03:42.296 AM]: Connection[id: 3d1e2d88-a5f4-44c5-b97e-79a55397cb66] - connected successfully after 3.255300000018906 milliseconds"}
{"level":"INFO","message":"[11:04:54.762 AM]: Creating new connection object"}
{"level":"INFO","message":"[11:04:54.763 AM]: Creating Connection[id: 2a6ac56e-c445-4292-8b39-c49c60f7671a] with host: A5725842678961-SOFTWAREONE_SANDBOX.snowflakecomputing.com, account: A5725842678961-SOFTWAREONE_SANDBOX, accessUrl: https://A5725842678961-SOFTWAREONE_SANDBOX.snowflakecomputing.com, user: AKMAL_T, role: sysadmin, database: HR_Automation, schema: PUBLIC, warehouse: MY_WH_RIDHO, proxy was not configured, password is not provided, region: undefined, authenticator: SNOWFLAKE_JWT, ocsp mode: FAIL_OPEN, os: win32, os version: 10."}
{"level":"INFO","message":"[11:04:54.764 AM]: Connection[id: 2a6ac56e-c445-4292-8b39-c49c60f7671a] additional details: passcode in password is provided, passcode is not provided, private key is provided, application: undefined, client name: snowflake-sdk, client version: 2.2.0, retry timeout: 300, private key path: undefined, private key pass is not provided, client store temporary credential: false, browser response timeout: 120000"}
{"level":"INFO","message":"[11:04:54.764 AM]: Connection[id: 2a6ac56e-c445-4292-8b39-c49c60f7671a] - connection object created successfully."}
{"level":"INFO","message":"[11:04:54.764 AM]: Connection[id: 2a6ac56e-c445-4292-8b39-c49c60f7671a] - connecting. Associated Snowflake domain: GLOBAL"}
{"level":"INFO","message":"[11:04:54.767 AM]: Connection[id: 2a6ac56e-c445-4292-8b39-c49c60f7671a] - authentication successful using: SNOWFLAKE_JWT"}
{"level":"INFO","message":"[11:04:54.768 AM]: Connection[id: 2a6ac56e-c445-4292-8b39-c49c60f7671a] - connected successfully after 3.3646000000298955 milliseconds"}
{"level":"INFO","message":"[11:04:55.317 AM]: Creating new connection object"}
{"level":"INFO","message":"[11:04:55.318 AM]: Creating Connection[id: 15cf0bfb-d82a-408d-936b-eda710203b7b] with host: A5725842678961-SOFTWAREONE_SANDBOX.snowflakecomputing.com, account: A5725842678961-SOFTWAREONE_SANDBOX, accessUrl: https://A5725842678961-SOFTWAREONE_SANDBOX.snowflakecomputing.com, user: AKMAL_T, role: sysadmin, database: HR_Automation, schema: PUBLIC, warehouse: MY_WH_RIDHO, proxy was not configured, password is not provided, region: undefined, authenticator: SNOWFLAKE_JWT, ocsp mode: FAIL_OPEN, os: win32, os version: 10."}
{"level":"INFO","message":"[11:04:55.319 AM]: Connection[id: 15cf0bfb-d82a-408d-936b-eda710203b7b] additional details: passcode in password is provided, passcode is not provided, private key is provided, application: undefined, client name: snowflake-sdk, client version: 2.2.0, retry timeout: 300, private key path: undefined, private key pass is not provided, client store temporary credential: false, browser response timeout: 120000"}
{"level":"INFO","message":"[11:04:55.319 AM]: Connection[id: 15cf0bfb-d82a-408d-936b-eda710203b7b] - connection object created successfully."}
{"level":"INFO","message":"[11:04:55.319 AM]: Connection[id: 15cf0bfb-d82a-408d-936b-eda710203b7b] - connecting. Associated Snowflake domain: GLOBAL"}
{"level":"INFO","message":"[11:04:55.323 AM]: Connection[id: 15cf0bfb-d82a-408d-936b-eda710203b7b] - authentication successful using: SNOWFLAKE_JWT"}
{"level":"INFO","message":"[11:04:55.324 AM]: Connection[id: 15cf0bfb-d82a-408d-936b-eda710203b7b] - connected successfully after 5.123800000001211 milliseconds"}
{"level":"INFO","message":"[11:05:04.147 AM]: Creating new connection object"}
{"level":"INFO","message":"[11:05:04.148 AM]: Creating Connection[id: 3ad9ca40-684d-439a-aa49-e3e074458210] with host: A5725842678961-SOFTWAREONE_SANDBOX.snowflakecomputing.com, account: A5725842678961-SOFTWAREONE_SANDBOX, accessUrl: https://A5725842678961-SOFTWAREONE_SANDBOX.snowflakecomputing.com, user: AKMAL_T, role: sysadmin, database: HR_Automation, schema: PUBLIC, warehouse: MY_WH_RIDHO, proxy was not configured, password is not provided, region: undefined, authenticator: SNOWFLAKE_JWT, ocsp mode: FAIL_OPEN, os: win32, os version: 10."}
{"level":"INFO","message":"[11:05:04.148 AM]: Connection[id: 3ad9ca40-684d-439a-aa49-e3e074458210] additional details: passcode in password is provided, passcode is not provided, private key is provided, application: undefined, client name: snowflake-sdk, client version: 2.2.0, retry timeout: 300, private key path: undefined, private key pass is not provided, client store temporary credential: false, browser response timeout: 120000"}
{"level":"INFO","message":"[11:05:04.149 AM]: Connection[id: 3ad9ca40-684d-439a-aa49-e3e074458210] - connection object created successfully."}
{"level":"INFO","message":"[11:05:04.149 AM]: Connection[id: 3ad9ca40-684d-439a-aa49-e3e074458210] - connecting. Associated Snowflake domain: GLOBAL"}
{"level":"INFO","message":"[11:05:04.151 AM]: Connection[id: 3ad9ca40-684d-439a-aa49-e3e074458210] - authentication successful using: SNOWFLAKE_JWT"}
{"level":"INFO","message":"[11:05:04.153 AM]: Connection[id: 3ad9ca40-684d-439a-aa49-e3e074458210] - connected successfully after 3.7093999999924563 milliseconds"}
{"level":"INFO","message":"[11:05:04.643 AM]: Creating new connection object"}
{"level":"INFO","message":"[11:05:04.644 AM]: Creating Connection[id: ba5087b9-247f-4d40-9abc-b8ca479f1ebc] with host: A5725842678961-SOFTWAREONE_SANDBOX.snowflakecomputing.com, account: A5725842678961-SOFTWAREONE_SANDBOX, accessUrl: https://A5725842678961-SOFTWAREONE_SANDBOX.snowflakecomputing.com, user: AKMAL_T, role: sysadmin, database: HR_Automation, schema: PUBLIC, warehouse: MY_WH_RIDHO, proxy was not configured, password is not provided, region: undefined, authenticator: SNOWFLAKE_JWT, ocsp mode: FAIL_OPEN, os: win32, os version: 10."}
{"level":"INFO","message":"[11:05:04.644 AM]: Connection[id: ba5087b9-247f-4d40-9abc-b8ca479f1ebc] additional details: passcode in password is provided, passcode is not provided, private key is provided, application: undefined, client name: snowflake-sdk, client version: 2.2.0, retry timeout: 300, private key path: undefined, private key pass is not provided, client store temporary credential: false, browser response timeout: 120000"}
{"level":"INFO","message":"[11:05:04.645 AM]: Connection[id: ba5087b9-247f-4d40-9abc-b8ca479f1ebc] - connection object created successfully."}
{"level":"INFO","message":"[11:05:04.645 AM]: Connection[id: ba5087b9-247f-4d40-9abc-b8ca479f1ebc] - connecting. Associated Snowflake domain: GLOBAL"}
{"level":"INFO","message":"[11:05:04.647 AM]: Connection[id: ba5087b9-247f-4d40-9abc-b8ca479f1ebc] - authentication successful using: SNOWFLAKE_JWT"}
{"level":"INFO","message":"[11:05:04.648 AM]: Connection[id: ba5087b9-247f-4d40-9abc-b8ca479f1ebc] - connected successfully after 3.193799999949988 milliseconds"}
{"level":"INFO","message":"[11:05:05.131 AM]: Creating new connection object"}
{"level":"INFO","message":"[11:05:05.132 AM]: Creating Connection[id: 56f6712a-b9a6-4763-b54d-4fb97c1fb9c7] with host: A5725842678961-SOFTWAREONE_SANDBOX.snowflakecomputing.com, account: A5725842678961-SOFTWAREONE_SANDBOX, accessUrl: https://A5725842678961-SOFTWAREONE_SANDBOX.snowflakecomputing.com, user: AKMAL_T, role: sysadmin, database: HR_Automation, schema: PUBLIC, warehouse: MY_WH_RIDHO, proxy was not configured, password is not provided, region: undefined, authenticator: SNOWFLAKE_JWT, ocsp mode: FAIL_OPEN, os: win32, os version: 10."}
{"level":"INFO","message":"[11:05:05.132 AM]: Connection[id: 56f6712a-b9a6-4763-b54d-4fb97c1fb9c7] additional details: passcode in password is provided, passcode is not provided, private key is provided, application: undefined, client name: snowflake-sdk, client version: 2.2.0, retry timeout: 300, private key path: undefined, private key pass is not provided, client store temporary credential: false, browser response timeout: 120000"}
{"level":"INFO","message":"[11:05:05.132 AM]: Connection[id: 56f6712a-b9a6-4763-b54d-4fb97c1fb9c7] - connection object created successfully."}
{"level":"INFO","message":"[11:05:05.133 AM]: Connection[id: 56f6712a-b9a6-4763-b54d-4fb97c1fb9c7] - connecting. Associated Snowflake domain: GLOBAL"}
{"level":"INFO","message":"[11:05:05.136 AM]: Connection[id: 56f6712a-b9a6-4763-b54d-4fb97c1fb9c7] - authentication successful using: SNOWFLAKE_JWT"}
{"level":"INFO","message":"[11:05:05.137 AM]: Connection[id: 56f6712a-b9a6-4763-b54d-4fb97c1fb9c7] - connected successfully after 3.8652999999467283 milliseconds"}
{"level":"INFO","message":"[11:05:05.557 AM]: Creating new connection object"}
{"level":"INFO","message":"[11:05:05.557 AM]: Creating Connection[id: 81061c1c-5b64-4c2b-aa82-f5a79882f32a] with host: A5725842678961-SOFTWAREONE_SANDBOX.snowflakecomputing.com, account: A5725842678961-SOFTWAREONE_SANDBOX, accessUrl: https://A5725842678961-SOFTWAREONE_SANDBOX.snowflakecomputing.com, user: AKMAL_T, role: sysadmin, database: HR_Automation, schema: PUBLIC, warehouse: MY_WH_RIDHO, proxy was not configured, password is not provided, region: undefined, authenticator: SNOWFLAKE_JWT, ocsp mode: FAIL_OPEN, os: win32, os version: 10."}
{"level":"INFO","message":"[11:05:05.558 AM]: Connection[id: 81061c1c-5b64-4c2b-aa82-f5a79882f32a] additional details: passcode in password is provided, passcode is not provided, private key is provided, application: undefined, client name: snowflake-sdk, client version: 2.2.0, retry timeout: 300, private key path: undefined, private key pass is not provided, client store temporary credential: false, browser response timeout: 120000"}
{"level":"INFO","message":"[11:05:05.558 AM]: Connection[id: 81061c1c-5b64-4c2b-aa82-f5a79882f32a] - connection object created successfully."}
{"level":"INFO","message":"[11:05:05.558 AM]: Connection[id: 81061c1c-5b64-4c2b-aa82-f5a79882f32a] - connecting. Associated Snowflake domain: GLOBAL"}
{"level":"INFO","message":"[11:05:05.561 AM]: Connection[id: 81061c1c-5b64-4c2b-aa82-f5a79882f32a] - authentication successful using: SNOWFLAKE_JWT"}
{"level":"INFO","message":"[11:05:05.561 AM]: Connection[id: 81061c1c-5b64-4c2b-aa82-f5a79882f32a] - connected successfully after 3.0055000000284053 milliseconds"}
{"level":"INFO","message":"[11:08:05.351 AM]: Creating new connection object"}
{"level":"INFO","message":"[11:08:05.352 AM]: Creating Connection[id: 06dd17b0-7a87-4d6e-a745-017948641d01] with host: A5725842678961-SOFTWAREONE_SANDBOX.snowflakecomputing.com, account: A5725842678961-SOFTWAREONE_SANDBOX, accessUrl: https://A5725842678961-SOFTWAREONE_SANDBOX.snowflakecomputing.com, user: AKMAL_T, role: sysadmin, database: HR_Automation, schema: PUBLIC, warehouse: MY_WH_RIDHO, proxy was not configured, password is not provided, region: undefined, authenticator: SNOWFLAKE_JWT, ocsp mode: FAIL_OPEN, os: win32, os version: 10."}
{"level":"INFO","message":"[11:08:05.352 AM]: Connection[id: 06dd17b0-7a87-4d6e-a745-017948641d01] additional details: passcode in password is provided, passcode is not provided, private key is provided, application: undefined, client name: snowflake-sdk, client version: 2.2.0, retry timeout: 300, private key path: undefined, private key pass is not provided, client store temporary credential: false, browser response timeout: 120000"}
{"level":"INFO","message":"[11:08:05.352 AM]: Connection[id: 06dd17b0-7a87-4d6e-a745-017948641d01] - connection object created successfully."}
{"level":"INFO","message":"[11:08:05.352 AM]: Connection[id: 06dd17b0-7a87-4d6e-a745-017948641d01] - connecting. Associated Snowflake domain: GLOBAL"}
{"level":"INFO","message":"[11:08:05.355 AM]: Connection[id: 06dd17b0-7a87-4d6e-a745-017948641d01] - authentication successful using: SNOWFLAKE_JWT"}
{"level":"INFO","message":"[11:08:05.356 AM]: Connection[id: 06dd17b0-7a87-4d6e-a745-017948641d01] - connected successfully after 3.315699999919161 milliseconds"}
{"level":"INFO","message":"[11:08:08.978 AM]: Creating new connection object"}
{"level":"INFO","message":"[11:08:08.979 AM]: Creating Connection[id: 15b6bdb2-8bbe-4ef8-8551-f561d055945d] with host: A5725842678961-SOFTWAREONE_SANDBOX.snowflakecomputing.com, account: A5725842678961-SOFTWAREONE_SANDBOX, accessUrl: https://A5725842678961-SOFTWAREONE_SANDBOX.snowflakecomputing.com, user: AKMAL_T, role: sysadmin, database: HR_Automation, schema: PUBLIC, warehouse: MY_WH_RIDHO, proxy was not configured, password is not provided, region: undefined, authenticator: SNOWFLAKE_JWT, ocsp mode: FAIL_OPEN, os: win32, os version: 10."}
{"level":"INFO","message":"[11:08:08.979 AM]: Connection[id: 15b6bdb2-8bbe-4ef8-8551-f561d055945d] additional details: passcode in password is provided, passcode is not provided, private key is provided, application: undefined, client name: snowflake-sdk, client version: 2.2.0, retry timeout: 300, private key path: undefined, private key pass is not provided, client store temporary credential: false, browser response timeout: 120000"}
{"level":"INFO","message":"[11:08:08.979 AM]: Connection[id: 15b6bdb2-8bbe-4ef8-8551-f561d055945d] - connection object created successfully."}
{"level":"INFO","message":"[11:08:08.980 AM]: Connection[id: 15b6bdb2-8bbe-4ef8-8551-f561d055945d] - connecting. Associated Snowflake domain: GLOBAL"}
{"level":"INFO","message":"[11:08:08.983 AM]: Connection[id: 15b6bdb2-8bbe-4ef8-8551-f561d055945d] - authentication successful using: SNOWFLAKE_JWT"}
{"level":"INFO","message":"[11:08:08.984 AM]: Connection[id: 15b6bdb2-8bbe-4ef8-8551-f561d055945d] - connected successfully after 4.6446999999461696 milliseconds"}
{"level":"INFO","message":"[11:08:08.999 AM]: Creating new connection object"}
{"level":"INFO","message":"[11:08:09.000 AM]: Creating Connection[id: d49f153d-8b93-44ad-8d80-f3330a316972] with host: A5725842678961-SOFTWAREONE_SANDBOX.snowflakecomputing.com, account: A5725842678961-SOFTWAREONE_SANDBOX, accessUrl: https://A5725842678961-SOFTWAREONE_SANDBOX.snowflakecomputing.com, user: AKMAL_T, role: sysadmin, database: HR_Automation, schema: PUBLIC, warehouse: MY_WH_RIDHO, proxy was not configured, password is not provided, region: undefined, authenticator: SNOWFLAKE_JWT, ocsp mode: FAIL_OPEN, os: win32, os version: 10."}
{"level":"INFO","message":"[11:08:09.000 AM]: Connection[id: d49f153d-8b93-44ad-8d80-f3330a316972] additional details: passcode in password is provided, passcode is not provided, private key is provided, application: undefined, client name: snowflake-sdk, client version: 2.2.0, retry timeout: 300, private key path: undefined, private key pass is not provided, client store temporary credential: false, browser response timeout: 120000"}
{"level":"INFO","message":"[11:08:09.001 AM]: Connection[id: d49f153d-8b93-44ad-8d80-f3330a316972] - connection object created successfully."}
{"level":"INFO","message":"[11:08:09.001 AM]: Connection[id: d49f153d-8b93-44ad-8d80-f3330a316972] - connecting. Associated Snowflake domain: GLOBAL"}
{"level":"INFO","message":"[11:08:09.003 AM]: Connection[id: d49f153d-8b93-44ad-8d80-f3330a316972] - authentication successful using: SNOWFLAKE_JWT"}
{"level":"INFO","message":"[11:08:09.004 AM]: Connection[id: d49f153d-8b93-44ad-8d80-f3330a316972] - connected successfully after 3.4627999999793246 milliseconds"}
{"level":"INFO","message":"[11:08:09.735 AM]: Creating new connection object"}
{"level":"INFO","message":"[11:08:09.736 AM]: Creating Connection[id: beb53f18-508f-43d6-b431-0536176ed4bc] with host: A5725842678961-SOFTWAREONE_SANDBOX.snowflakecomputing.com, account: A5725842678961-SOFTWAREONE_SANDBOX, accessUrl: https://A5725842678961-SOFTWAREONE_SANDBOX.snowflakecomputing.com, user: AKMAL_T, role: sysadmin, database: HR_Automation, schema: PUBLIC, warehouse: MY_WH_RIDHO, proxy was not configured, password is not provided, region: undefined, authenticator: SNOWFLAKE_JWT, ocsp mode: FAIL_OPEN, os: win32, os version: 10."}
{"level":"INFO","message":"[11:08:09.736 AM]: Connection[id: beb53f18-508f-43d6-b431-0536176ed4bc] additional details: passcode in password is provided, passcode is not provided, private key is provided, application: undefined, client name: snowflake-sdk, client version: 2.2.0, retry timeout: 300, private key path: undefined, private key pass is not provided, client store temporary credential: false, browser response timeout: 120000"}
{"level":"INFO","message":"[11:08:09.737 AM]: Connection[id: beb53f18-508f-43d6-b431-0536176ed4bc] - connection object created successfully."}
{"level":"INFO","message":"[11:08:09.737 AM]: Connection[id: beb53f18-508f-43d6-b431-0536176ed4bc] - connecting. Associated Snowflake domain: GLOBAL"}
{"level":"INFO","message":"[11:08:09.739 AM]: Connection[id: beb53f18-508f-43d6-b431-0536176ed4bc] - authentication successful using: SNOWFLAKE_JWT"}
{"level":"INFO","message":"[11:08:09.740 AM]: Connection[id: beb53f18-508f-43d6-b431-0536176ed4bc] - connected successfully after 2.8605000000679865 milliseconds"}
{"level":"INFO","message":"[11:08:09.850 AM]: Creating new connection object"}
{"level":"INFO","message":"[11:08:09.851 AM]: Creating Connection[id: f77c48b4-6674-473c-88a5-199aac840274] with host: A5725842678961-SOFTWAREONE_SANDBOX.snowflakecomputing.com, account: A5725842678961-SOFTWAREONE_SANDBOX, accessUrl: https://A5725842678961-SOFTWAREONE_SANDBOX.snowflakecomputing.com, user: AKMAL_T, role: sysadmin, database: HR_Automation, schema: PUBLIC, warehouse: MY_WH_RIDHO, proxy was not configured, password is not provided, region: undefined, authenticator: SNOWFLAKE_JWT, ocsp mode: FAIL_OPEN, os: win32, os version: 10."}
{"level":"INFO","message":"[11:08:09.851 AM]: Connection[id: f77c48b4-6674-473c-88a5-199aac840274] additional details: passcode in password is provided, passcode is not provided, private key is provided, application: undefined, client name: snowflake-sdk, client version: 2.2.0, retry timeout: 300, private key path: undefined, private key pass is not provided, client store temporary credential: false, browser response timeout: 120000"}
{"level":"INFO","message":"[11:08:09.852 AM]: Connection[id: f77c48b4-6674-473c-88a5-199aac840274] - connection object created successfully."}
{"level":"INFO","message":"[11:08:09.852 AM]: Connection[id: f77c48b4-6674-473c-88a5-199aac840274] - connecting. Associated Snowflake domain: GLOBAL"}
{"level":"INFO","message":"[11:08:09.855 AM]: Connection[id: f77c48b4-6674-473c-88a5-199aac840274] - authentication successful using: SNOWFLAKE_JWT"}
{"level":"INFO","message":"[11:08:09.855 AM]: Connection[id: f77c48b4-6674-473c-88a5-199aac840274] - connected successfully after 3.5139999999664724 milliseconds"}
{"level":"INFO","message":"[11:08:10.322 AM]: Creating new connection object"}
{"level":"INFO","message":"[11:08:10.323 AM]: Creating Connection[id: 5ad34c68-6a95-49aa-849e-daf9de811d75] with host: A5725842678961-SOFTWAREONE_SANDBOX.snowflakecomputing.com, account: A5725842678961-SOFTWAREONE_SANDBOX, accessUrl: https://A5725842678961-SOFTWAREONE_SANDBOX.snowflakecomputing.com, user: AKMAL_T, role: sysadmin, database: HR_Automation, schema: PUBLIC, warehouse: MY_WH_RIDHO, proxy was not configured, password is not provided, region: undefined, authenticator: SNOWFLAKE_JWT, ocsp mode: FAIL_OPEN, os: win32, os version: 10."}
{"level":"INFO","message":"[11:08:10.323 AM]: Connection[id: 5ad34c68-6a95-49aa-849e-daf9de811d75] additional details: passcode in password is provided, passcode is not provided, private key is provided, application: undefined, client name: snowflake-sdk, client version: 2.2.0, retry timeout: 300, private key path: undefined, private key pass is not provided, client store temporary credential: false, browser response timeout: 120000"}
{"level":"INFO","message":"[11:08:10.324 AM]: Connection[id: 5ad34c68-6a95-49aa-849e-daf9de811d75] - connection object created successfully."}
{"level":"INFO","message":"[11:08:10.324 AM]: Connection[id: 5ad34c68-6a95-49aa-849e-daf9de811d75] - connecting. Associated Snowflake domain: GLOBAL"}
{"level":"INFO","message":"[11:08:10.327 AM]: Connection[id: 5ad34c68-6a95-49aa-849e-daf9de811d75] - authentication successful using: SNOWFLAKE_JWT"}
{"level":"INFO","message":"[11:08:10.328 AM]: Connection[id: 5ad34c68-6a95-49aa-849e-daf9de811d75] - connected successfully after 3.86089999997057 milliseconds"}
{"level":"INFO","message":"[11:08:11.597 AM]: Creating new connection object"}
{"level":"INFO","message":"[11:08:11.598 AM]: Creating Connection[id: cc70cba5-2acd-4a0f-9c1c-812788dc512d] with host: A5725842678961-SOFTWAREONE_SANDBOX.snowflakecomputing.com, account: A5725842678961-SOFTWAREONE_SANDBOX, accessUrl: https://A5725842678961-SOFTWAREONE_SANDBOX.snowflakecomputing.com, user: AKMAL_T, role: sysadmin, database: HR_Automation, schema: PUBLIC, warehouse: MY_WH_RIDHO, proxy was not configured, password is not provided, region: undefined, authenticator: SNOWFLAKE_JWT, ocsp mode: FAIL_OPEN, os: win32, os version: 10."}
{"level":"INFO","message":"[11:08:11.598 AM]: Connection[id: cc70cba5-2acd-4a0f-9c1c-812788dc512d] additional details: passcode in password is provided, passcode is not provided, private key is provided, application: undefined, client name: snowflake-sdk, client version: 2.2.0, retry timeout: 300, private key path: undefined, private key pass is not provided, client store temporary credential: false, browser response timeout: 120000"}
{"level":"INFO","message":"[11:08:11.598 AM]: Connection[id: cc70cba5-2acd-4a0f-9c1c-812788dc512d] - connection object created successfully."}
{"level":"INFO","message":"[11:08:11.599 AM]: Connection[id: cc70cba5-2acd-4a0f-9c1c-812788dc512d] - connecting. Associated Snowflake domain: GLOBAL"}
{"level":"INFO","message":"[11:08:11.602 AM]: Connection[id: cc70cba5-2acd-4a0f-9c1c-812788dc512d] - authentication successful using: SNOWFLAKE_JWT"}
{"level":"INFO","message":"[11:08:11.603 AM]: Connection[id: cc70cba5-2acd-4a0f-9c1c-812788dc512d] - connected successfully after 3.914699999964796 milliseconds"}
{"level":"INFO","message":"[11:08:11.607 AM]: Creating new connection object"}
{"level":"INFO","message":"[11:08:11.608 AM]: Creating Connection[id: deaadb26-5ac7-45f9-a926-585114d073f6] with host: A5725842678961-SOFTWAREONE_SANDBOX.snowflakecomputing.com, account: A5725842678961-SOFTWAREONE_SANDBOX, accessUrl: https://A5725842678961-SOFTWAREONE_SANDBOX.snowflakecomputing.com, user: AKMAL_T, role: sysadmin, database: HR_Automation, schema: PUBLIC, warehouse: MY_WH_RIDHO, proxy was not configured, password is not provided, region: undefined, authenticator: SNOWFLAKE_JWT, ocsp mode: FAIL_OPEN, os: win32, os version: 10."}
{"level":"INFO","message":"[11:08:11.608 AM]: Connection[id: deaadb26-5ac7-45f9-a926-585114d073f6] additional details: passcode in password is provided, passcode is not provided, private key is provided, application: undefined, client name: snowflake-sdk, client version: 2.2.0, retry timeout: 300, private key path: undefined, private key pass is not provided, client store temporary credential: false, browser response timeout: 120000"}
{"level":"INFO","message":"[11:08:11.608 AM]: Connection[id: deaadb26-5ac7-45f9-a926-585114d073f6] - connection object created successfully."}
{"level":"INFO","message":"[11:08:11.609 AM]: Connection[id: deaadb26-5ac7-45f9-a926-585114d073f6] - connecting. Associated Snowflake domain: GLOBAL"}
{"level":"INFO","message":"[11:08:11.611 AM]: Connection[id: deaadb26-5ac7-45f9-a926-585114d073f6] - authentication successful using: SNOWFLAKE_JWT"}
{"level":"INFO","message":"[11:08:11.611 AM]: Connection[id: deaadb26-5ac7-45f9-a926-585114d073f6] - connected successfully after 2.797900000005029 milliseconds"}
{"level":"INFO","message":"[11:08:12.140 AM]: Creating new connection object"}
{"level":"INFO","message":"[11:08:12.141 AM]: Creating Connection[id: 9d984c4c-605d-4d36-a458-98e7327ca55d] with host: A5725842678961-SOFTWAREONE_SANDBOX.snowflakecomputing.com, account: A5725842678961-SOFTWAREONE_SANDBOX, accessUrl: https://A5725842678961-SOFTWAREONE_SANDBOX.snowflakecomputing.com, user: AKMAL_T, role: sysadmin, database: HR_Automation, schema: PUBLIC, warehouse: MY_WH_RIDHO, proxy was not configured, password is not provided, region: undefined, authenticator: SNOWFLAKE_JWT, ocsp mode: FAIL_OPEN, os: win32, os version: 10."}
{"level":"INFO","message":"[11:08:12.141 AM]: Connection[id: 9d984c4c-605d-4d36-a458-98e7327ca55d] additional details: passcode in password is provided, passcode is not provided, private key is provided, application: undefined, client name: snowflake-sdk, client version: 2.2.0, retry timeout: 300, private key path: undefined, private key pass is not provided, client store temporary credential: false, browser response timeout: 120000"}
{"level":"INFO","message":"[11:08:12.141 AM]: Connection[id: 9d984c4c-605d-4d36-a458-98e7327ca55d] - connection object created successfully."}
{"level":"INFO","message":"[11:08:12.141 AM]: Connection[id: 9d984c4c-605d-4d36-a458-98e7327ca55d] - connecting. Associated Snowflake domain: GLOBAL"}
{"level":"INFO","message":"[11:08:12.144 AM]: Connection[id: 9d984c4c-605d-4d36-a458-98e7327ca55d] - authentication successful using: SNOWFLAKE_JWT"}
{"level":"INFO","message":"[11:08:12.145 AM]: Connection[id: 9d984c4c-605d-4d36-a458-98e7327ca55d] - connected successfully after 3.412000000011176 milliseconds"}
{"level":"INFO","message":"[11:08:12.170 AM]: Creating new connection object"}
{"level":"INFO","message":"[11:08:12.171 AM]: Creating Connection[id: ea6dadf6-fd3a-415a-80a4-82ac87823c4b] with host: A5725842678961-SOFTWAREONE_SANDBOX.snowflakecomputing.com, account: A5725842678961-SOFTWAREONE_SANDBOX, accessUrl: https://A5725842678961-SOFTWAREONE_SANDBOX.snowflakecomputing.com, user: AKMAL_T, role: sysadmin, database: HR_Automation, schema: PUBLIC, warehouse: MY_WH_RIDHO, proxy was not configured, password is not provided, region: undefined, authenticator: SNOWFLAKE_JWT, ocsp mode: FAIL_OPEN, os: win32, os version: 10."}
{"level":"INFO","message":"[11:08:12.171 AM]: Connection[id: ea6dadf6-fd3a-415a-80a4-82ac87823c4b] additional details: passcode in password is provided, passcode is not provided, private key is provided, application: undefined, client name: snowflake-sdk, client version: 2.2.0, retry timeout: 300, private key path: undefined, private key pass is not provided, client store temporary credential: false, browser response timeout: 120000"}
{"level":"INFO","message":"[11:08:12.171 AM]: Connection[id: ea6dadf6-fd3a-415a-80a4-82ac87823c4b] - connection object created successfully."}
{"level":"INFO","message":"[11:08:12.172 AM]: Connection[id: ea6dadf6-fd3a-415a-80a4-82ac87823c4b] - connecting. Associated Snowflake domain: GLOBAL"}
{"level":"INFO","message":"[11:08:12.175 AM]: Connection[id: ea6dadf6-fd3a-415a-80a4-82ac87823c4b] - authentication successful using: SNOWFLAKE_JWT"}
{"level":"INFO","message":"[11:08:12.176 AM]: Connection[id: ea6dadf6-fd3a-415a-80a4-82ac87823c4b] - connected successfully after 4.1510000000707805 milliseconds"}
{"level":"INFO","message":"[11:09:38.083 AM]: Creating new connection object"}
{"level":"INFO","message":"[11:09:38.084 AM]: Creating Connection[id: d39611fb-0a0c-41e3-8970-37b8fe954dc8] with host: A5725842678961-SOFTWAREONE_SANDBOX.snowflakecomputing.com, account: A5725842678961-SOFTWAREONE_SANDBOX, accessUrl: https://A5725842678961-SOFTWAREONE_SANDBOX.snowflakecomputing.com, user: AKMAL_T, role: sysadmin, database: HR_Automation, schema: PUBLIC, warehouse: MY_WH_RIDHO, proxy was not configured, password is not provided, region: undefined, authenticator: SNOWFLAKE_JWT, ocsp mode: FAIL_OPEN, os: win32, os version: 10."}
{"level":"INFO","message":"[11:09:38.085 AM]: Connection[id: d39611fb-0a0c-41e3-8970-37b8fe954dc8] additional details: passcode in password is provided, passcode is not provided, private key is provided, application: undefined, client name: snowflake-sdk, client version: 2.2.0, retry timeout: 300, private key path: undefined, private key pass is not provided, client store temporary credential: false, browser response timeout: 120000"}
{"level":"INFO","message":"[11:09:38.085 AM]: Connection[id: d39611fb-0a0c-41e3-8970-37b8fe954dc8] - connection object created successfully."}
{"level":"INFO","message":"[11:09:38.085 AM]: Connection[id: d39611fb-0a0c-41e3-8970-37b8fe954dc8] - connecting. Associated Snowflake domain: GLOBAL"}
{"level":"INFO","message":"[11:09:38.089 AM]: Connection[id: d39611fb-0a0c-41e3-8970-37b8fe954dc8] - authentication successful using: SNOWFLAKE_JWT"}
{"level":"INFO","message":"[11:09:38.090 AM]: Connection[id: d39611fb-0a0c-41e3-8970-37b8fe954dc8] - connected successfully after 4.788799999980256 milliseconds"}
{"level":"INFO","message":"[11:09:38.098 AM]: Creating new connection object"}
{"level":"INFO","message":"[11:09:38.099 AM]: Creating Connection[id: 8f7e010f-7cb6-44fb-abec-53fbe0e0441c] with host: A5725842678961-SOFTWAREONE_SANDBOX.snowflakecomputing.com, account: A5725842678961-SOFTWAREONE_SANDBOX, accessUrl: https://A5725842678961-SOFTWAREONE_SANDBOX.snowflakecomputing.com, user: AKMAL_T, role: sysadmin, database: HR_Automation, schema: PUBLIC, warehouse: MY_WH_RIDHO, proxy was not configured, password is not provided, region: undefined, authenticator: SNOWFLAKE_JWT, ocsp mode: FAIL_OPEN, os: win32, os version: 10."}
{"level":"INFO","message":"[11:09:38.099 AM]: Connection[id: 8f7e010f-7cb6-44fb-abec-53fbe0e0441c] additional details: passcode in password is provided, passcode is not provided, private key is provided, application: undefined, client name: snowflake-sdk, client version: 2.2.0, retry timeout: 300, private key path: undefined, private key pass is not provided, client store temporary credential: false, browser response timeout: 120000"}
{"level":"INFO","message":"[11:09:38.099 AM]: Connection[id: 8f7e010f-7cb6-44fb-abec-53fbe0e0441c] - connection object created successfully."}
{"level":"INFO","message":"[11:09:38.100 AM]: Connection[id: 8f7e010f-7cb6-44fb-abec-53fbe0e0441c] - connecting. Associated Snowflake domain: GLOBAL"}
{"level":"INFO","message":"[11:09:38.103 AM]: Connection[id: 8f7e010f-7cb6-44fb-abec-53fbe0e0441c] - authentication successful using: SNOWFLAKE_JWT"}
{"level":"INFO","message":"[11:09:38.104 AM]: Connection[id: 8f7e010f-7cb6-44fb-abec-53fbe0e0441c] - connected successfully after 4.614399999962188 milliseconds"}
